original_card_code,canonical_card_code,reason,detailed_reason,similarity
"02AZ3377_NATURAL PLANET      CW_3787 STOCKTON HILL ROAD; #A, KINGMAN, AZ 86409",02AZ3377,manual_exception,manual_exception,1.0
"02AZ3377_NATURAL PLANET     CW_3787 STOCKTON HILL RD, KINGMAN, AZ 86409",02AZ3377,manual_exception,manual_exception,1.0
"02AZ3377_NATURAL PLANET_72 ATHENS BOAT CLUB RD, DAWSONVILLE, GA 30534","02AZ3377_NATURAL PLANET_72 ATHENS BOAT CLUB RD, DAWSONVILLE, GA 30534",manual_exception,manual_exception,1.0
"02AZ3377_NATURAL PLANET_3787 STOCKTON HILL RD, KINGMAN, AZ 86409",02AZ3377,manual_exception,manual_exception,1.0
"02MO5423_NATURE'S WONDERS LLC_1601 HWY 248, BRANSON, MO 65616",02MO5423,manual_exception,manual_exception,1.0
"02MO5423_NATURES WONDERS    W  CW_910 HWY 62-65 N, HARRISON, AR 72662","02MO5423_NATURES WONDERS LLC_910 A HWY 65 N, HARRISON, AR 72601",manual_exception,manual_exception,1.0
"02MO5423_NATURES WONDERS LLC_910 A HWY 65 N, HARRISON, AR 72601","02MO5423_NATURES WONDERS LLC_910 A HWY 65 N, HARRISON, AR 72601",manual_exception,manual_exception,1.0
"02MO5423_NATURES WONDERS_1601 HWY 248, BRANSON, MO 65616",02MO5423,manual_exception,manual_exception,1.0
"02OK1347_AKIN'S - BIXBY_12003 S MEMORIAL DR, BIXBY, OK 74008",02OK1347,manual_exception,manual_exception,1.0
"02OK1347_AKIN'S - FONTANA_7807 EAST 51ST ST, TULSA, OK 74145","02OK1347_AKIN'S - FONTANA_7807 EAST 51ST ST, TULSA, OK 74145",manual_exception,manual_exception,1.0
"02OK1347_AKIN'S - NEWPORT_3321 E 31ST ST, TULSA, OK 74135","02OK1347_AKIN'S - NEWPORT_3321 E 31ST ST, TULSA, OK 74135",manual_exception,manual_exception,1.0
"02OK1347_AKIN'S NATURAL FOODS BIXBY - BIX_12003 S MEMORIAL DRIVE, BIXBY, OK 74008","02OK1347_AKIN'S NATURAL FOODS BIXBY - BIX_12003 S MEMORIAL DRIVE, BIXBY, OK 74008",manual_exception,manual_exception,1.0
"02OK1347_AKIN'S NATURAL FOODS FONTANA - FON_7807 E 51ST ST, TULSA, OK 74145","02OK1347_AKIN'S - FONTANA_7807 EAST 51ST ST, TULSA, OK 74145",manual_exception,manual_exception,1.0
"02OK1347_AKIN'S NATURAL FOODS NEWPORT - NEW_3321 E. 31ST STREET, TULSA, OK 74135","02OK1347_AKIN'S - NEWPORT_3321 E 31ST ST, TULSA, OK 74135",manual_exception,manual_exception,1.0
"02OK1347_CHAMBERLIN'S - ALTAMONTE_1086 MONTGOMERY RD, ALTAMONTE SPRINGS, FL 32714","02OK1347_CHAMBERLIN'S - ALTAMONTE_1086 MONTGOMERY RD, ALTAMONTE SPRINGS, FL 32714",manual_exception,manual_exception,1.0
"02OK1347_CHAMBERLINS LAKEWOOD RANCH_6574 UNIVERSITY PARKWAY SUITE 100, SARASOTA, FL 34240","02OK1347_CHAMBERLINS LAKEWOOD RANCH_6574 UNIVERSITY PARKWAY SUITE 100, SARASOTA, FL 34240",manual_exception,manual_exception,1.0
"02OK1347_CHAMBERLINS LWR_6574 UNIVERSITY PKWY, SARASOTA, FL 34240","02OK1347_CHAMBERLINS LAKEWOOD RANCH_6574 UNIVERSITY PARKWAY SUITE 100, SARASOTA, FL 34240",manual_exception,manual_exception,1.0
"02OK1347_CHAMBERLINS-ALTAMONTE SPRINGS(AKIN'S NATURAL FOODS) - ALT_1086 MONTGOMERY RD., ALTAMONTE SPRINGS, FL 32714","02OK1347_CHAMBERLIN'S - ALTAMONTE_1086 MONTGOMERY RD, ALTAMONTE SPRINGS, FL 32714",manual_exception,manual_exception,1.0
"02AR5263_THE TRUCK PATCH_PO BOX 1569, MOUNTAIN HOME, AR 72653",02AR5263,manual_exception,manual_exception,1.0
"02AR5263_TRUCK PATCH_1602 HWY 62 E, MOUNTAIN HOME, AR 72653",02AR5263,manual_exception,manual_exception,1.0
"02MI0852_HEALTH HUTT 1    W +  CW_PO BOX 5, HOLTON, MI 49425","02MI0852_HEALTH HUTT 1    W +  CW_PO BOX 5, HOLTON, MI 49425",manual_exception,manual_exception,1.0
"02MI0852_NATURAL HEALTH MART_1519 E RIVER RD STE D, MUSKEGON, MI 49445","02MI0852_NATURAL HEALTH MART_1519 E RIVER RD STE D, MUSKEGON, MI 49445",manual_exception,manual_exception,1.0
"02MO8554_HERB SHOP_PO BOX 2176, BRANSON WEST, MO 65737","02MO8554_HERB SHOP_PO BOX 2176, BRANSON WEST, MO 65737",manual_exception,manual_exception,1.0
"02MO8554_THE HERB SHOP_11016 E STATE HIGHWAY 76, REEDS SPRING, MO 65737-9775","02MO8554_THE HERB SHOP_11016 E STATE HIGHWAY 76, REEDS SPRING, MO 65737-9775",manual_exception,manual_exception,1.0
"02OH0157_NATURE'S CORNER_133 N. WAYNE ST., FORT RECOVERY, OH 45846","02OH0157_NATURE'S CORNER_133 N. WAYNE ST., FORT RECOVERY, OH 45846",manual_exception,manual_exception,1.0
"02OH0157_NATURES CORNER_PO BOX 270, FT RECOVERY, OH 45846","02OH0157_NATURES CORNER_PO BOX 270, FT RECOVERY, OH 45846",manual_exception,manual_exception,1.0
"02TX0855_BLUE WATER NATURAL FOODS, INC_PO BOX 343, ALPINE, TX 79831",02TX0855,manual_exception,manual_exception,1.0
"02TX0855_BLUE WATER NATURAL FOODS_45978 STATE HIGHWAY 118, ALPINE, TX 79830",02TX0855,manual_exception,manual_exception,1.0
"02TX0855_BLUE WATER NATURAL FOODS_po box 343, ALPINE, TX 79830",02TX0855,manual_exception,manual_exception,1.0
"02UT0305_SHIRLYN'S NAT FOODS-TAYLOR_5578 S REDWOOD RD STE A, TAYLORSVILLE, UT 84123",02UT0305,manual_exception,manual_exception,1.0
"02UT0305_SHIRLYN'S NAT FOODS-TAYLOR_5578 SOUTH REDWOOD ROAD, TAYLORSVILLE, UT 84123",02UT0305,manual_exception,manual_exception,1.0
"02UT0305_SHIRLYN'S NATURAL FDS 2_5578 S REDWOOD RD, TAYLORSVILLE, UT 84123",02UT0305,manual_exception,manual_exception,1.0
"02UT0305_SHIRLYNS NATURAL FOODS TAYLORSVILLE_nan, TAYLORSVILLE, UT 84123",02UT0305,manual_exception,manual_exception,1.0
"02WI6900_FITNESS NUTRITION CENTER @_nan, MONROE, WI 53566",02WI6900,manual_exception,manual_exception,1.0
"02WI6900_FITNESS NUTRITION CENTER_640 4TH AVE, MONROE, WI 53566",02WI6900,manual_exception,manual_exception,1.0
"02MS6856_SUNSHINE HEALTH FOODS  CW_2946 MARKET ST., PASCAGOULA, MS 39567",02MS6856,single_base_code,connected_component_single_base_code,
"02MS6856_SUNSHINE HEALTH FOODS #1_2946 MARKET ST., PASCAGOULA, MS 39567",02MS6856,single_base_code,connected_component_single_base_code,
"02MT4923_BONANZA HEALTH FOODS INC._1010 GRAND AVE, BILLINGS, MT 59102",02MT4923,single_base_code,connected_component_single_base_code,
"02MT4923_BONANZA HEALTH FOODS_1010 GRAND AVENUE, BILLINGS, MT 59102",02MT4923,single_base_code,connected_component_single_base_code,
"02FL5663_HEALTHWAY_1537 US HIGHWAY 1, VERO BEACH, FL 32960",02FL5663,single_base_code,connected_component_single_base_code,
"02FL5663_HEALTH WAY INC_1537 US HIGHWAY 1, VERO BEACH, FL 32960",02FL5663,single_base_code,connected_component_single_base_code,
"02MA3219_NATURAL ORGANIC SHOP_174 NEWBURYPORT TURNPIKE, ROWLEY, MA 1969",02MA3219,single_base_code,connected_component_single_base_code,
"02MA3219_NATURAL ORGANIC SHOP     @_174 NEWBURYPORT TURNPIKE #8, ROWLEY, MA 01969",02MA3219,single_base_code,connected_component_single_base_code,
"02MA3219_NATURAL SHOP_174 NEWBURYPORT TURNPIKE, ROWLEY, MA 01969",02MA3219,single_base_code,connected_component_single_base_code,
"02MI5908_NATURAL FOOD PATCH_221 W 9 MILE ROAD, FERNDALE, MI 48220",02MI5908,single_base_code,connected_component_single_base_code,
"02MI5908_NATURAL FOOD PATCH_221 W NINE MILE RD, FERNDALE, MI 48220",02MI5908,single_base_code,connected_component_single_base_code,
"02IN1555_SUNSPOT NATURAL MARKET_500 W SAGAMORE PARKWAY, W LAFAYETTE, IN 47906",02IN1555,single_base_code,connected_component_single_base_code,
"02IN1555_SUNSPOT NATURAL MARKET   @_500 W SAGAMORE PKWY, WEST LAFAYETTE, IN 47906",02IN1555,single_base_code,connected_component_single_base_code,
"02IN1555_SUNSPOT NATURAL MKT_500 SAGAMORE PKWY, WEST LAFAYETTE, IN 47906",02IN1555,single_base_code,connected_component_single_base_code,
"02WI4787_HOUSE OF NUTRITION    CW_5824 6TH AVE           5%, KENOSHA, WI 53140",02WI4787,single_base_code,connected_component_single_base_code,
"02WI4787_HOUSE OF NUTRITION     CW_5824 6TH AVE., KENOSHA, WI 53140",02WI4787,single_base_code,connected_component_single_base_code,
"02FL3440_SPROUTS FARMERS MKT #623_12960 S US HWY 301, POINCIANA, FL 34758",02FL3440,single_base_code,connected_component_single_base_code,
"02FL3440_SPROUTS FARMERS MKT #623_12960 S US HWY 301, RIVERVIEW, FL 33578",02FL3440,single_base_code,connected_component_single_base_code,
"02IL4338_VITAMART INC_7129 W Belmont Ave, Chicago, IL 60634",02IL4338,single_base_code,connected_component_single_base_code,
"02IL4338_VITAMART INC_7129 W BELMONT AVE, CHICAGO, IL 60634",02IL4338,single_base_code,connected_component_single_base_code,
"02MI7878_GREEN HARBOR_2925 NILES AVE, SAINT JOSEPH, MI 49085",02MI7878,single_base_code,connected_component_single_base_code,
"02MI7878_GREEN HARBOR       @_2925 Niles Ave, St. Joseph, MI 49085",02MI7878,single_base_code,connected_component_single_base_code,
"02MI7878_GREEN HARBOR_2925 NILES AVE, ST JOSEPH, MI 49085",02MI7878,single_base_code,connected_component_single_base_code,
"02IL8002_HERBALAND #3      @_2630 DEMPSTER AVE, PARK RIDGE, IL 60068",02IL8002,single_base_code,connected_component_single_base_code,
"02IL8002_HERBALAND #3_2630 DEMPSTER, PARK RIDGE, IL 60068",02IL8002,single_base_code,connected_component_single_base_code,
"02IL8002_HERBALAND 3_2630 DEMPSTER ST, PARK RIDGE, IL 60068",02IL8002,single_base_code,connected_component_single_base_code,
"02IL8002_HERBALAND_2630 DEMPSTER ST, PARK RIDGE, IL 60068",02IL8002,single_base_code,connected_component_single_base_code,
"02OH4771_TOOMEY NATURAL FOODS    CW_914 LILA AVENUE, ROUTE 50, MILFORD, OH 45150",02OH4771,single_base_code,connected_component_single_base_code,
"02OH4771_TOOMEY NATURAL FOODS   CW_914 LILA AVE    W, MILFORD, OH 45150",02OH4771,single_base_code,connected_component_single_base_code,
"02OH4771_TOOMEY NATURAL FOODS_914 LILA AVE, MILFORD, OH 45150",02OH4771,single_base_code,connected_component_single_base_code,
"02OH0300_NATURAL LIFE_2946 WASSON RD, CINCINNATI, OH 45209",02OH0300,single_base_code,connected_component_single_base_code,
"02OH0300_NATURAL LIFE NUTRITION SHOPPE_2946 WASSON ROAD, CINCINNATI, OH 45209",02OH0300,single_base_code,connected_component_single_base_code,
"02AR8200_OLDE FASHIONED FOODS MARKET_8434 PHOENIX AVE, FORT SMITH, AR 72903-6143",02AR8200,single_base_code,connected_component_single_base_code,
"02AR8200_OLDE FASHIONED MARKET_8434 PHOENIX AVE, FT SMITH, AR 72903",02AR8200,single_base_code,connected_component_single_base_code,
"02PA4901_AKRON NUTRITION_22 N 7TH ST STE 2, AKRON, PA 17501",02PA4901,single_base_code,connected_component_single_base_code,
"02PA4901_AKRON NUTRITION_22 NORTH 7TH STREET STE2, AKRON, PA 17501",02PA4901,single_base_code,connected_component_single_base_code,
"02AL9925_HEALTHWISE FOODS_5145 ATLANTA HWY, MONTGOMERY, AL 36109",02AL9925,single_base_code,connected_component_single_base_code,
"02AL9925_HEALTH WISE FOODS_5147 ATLANTA HWY, MONTGOMERY, AL 36109-3319",02AL9925,single_base_code,connected_component_single_base_code,
"02FL5561_FEGER'S_3058 TAMIAMI TRAIL, PORT CHARLOTTE, FL 33952",02FL5561,single_base_code,connected_component_single_base_code,
"02FL5561_FEGERS HEALTH FOOD_3058 TAMIAMI TRAIL, PORT CHARLOTTE, FL 33952",02FL5561,single_base_code,connected_component_single_base_code,
"02MI1209_LUCKY'S NATURAL FOODS_101 S BROADWAY, LAKE ORION, MI 48362",02MI1209,single_base_code,connected_component_single_base_code,
"02MI1209_LUCKY'S NATURAL FOODS CW_101 S BROADWAY, LAKE ORION, MI 48362",02MI1209,single_base_code,connected_component_single_base_code,
"02IL4500_NATURES CORNUCOPIA_1717 N RICHMOND RD, MC HENRY, IL 60051",02IL4500,single_base_code,connected_component_single_base_code,
"02IL4500_NATURES CORNUCOPIA   @_1717 N. RICHMOND ROAD, MCHENRY, IL 60051",02IL4500,single_base_code,connected_component_single_base_code,
"02IL4500_NATURES CORNUCOPIA_1717 N RICHMOND RD, MC HENRY, IL 60050",02IL4500,single_base_code,connected_component_single_base_code,
"02NY2463A_THE MUSTARD SEED_969 ARSENAL ST, WATERTOWN, NY 13601",02NY2463A,single_base_code,connected_component_single_base_code,
"02NY2463A_MUSTARD SEED_969 ARSENAL ST, WATERTOWN, NY 13601",02NY2463A,single_base_code,connected_component_single_base_code,
"02VA1764A_NATURE'S OUTLET #4_1341 TOWNE SQUARE BLVD NW, ROANOKE, VA 24012",02VA1764A,single_base_code,connected_component_single_base_code,
"02VA1764A_NATURES OUTLET_1341 TOWNE SQUARE BLVD, ROANOKE, VA 24012",02VA1764A,single_base_code,connected_component_single_base_code,
"02IN3151_GARDEN PATCH MARKET_228 WEST EDISON ROAD, MISHAWAKA, IN 46545",02IN3151,single_base_code,connected_component_single_base_code,
"02IN3151_GARDEN PATCH MARKET_228 W  EDISON, MISHAWAKA, IN 46545",02IN3151,single_base_code,connected_component_single_base_code,
"02IN3151_GARDEN PATCH MARKET_228 W EDISON RD, MISHAWAKA, IN 46545-8319",02IN3151,single_base_code,connected_component_single_base_code,
"02IN3151_GARDEN PATCH MARKET_228 W EDISON, MISHAWAKA, IN 46545",02IN3151,single_base_code,connected_component_single_base_code,
"02IL6825_PLAZA HEALTH FOODS_4202 N HARLEM AVE  STE D, NORRIDGE, IL 60706",02IL6825,single_base_code,connected_component_single_base_code,
"02IL6825_PLAZA HEALTH FOODS   CW  @_4202 NORTH HARLEM AVENUE, NORRIDGE, IL 60706",02IL6825,single_base_code,connected_component_single_base_code,
"02IL6825_PLAZA HEALTH INN_4202 N HARLEM AVE, NORRIDGE, IL 60706",02IL6825,single_base_code,connected_component_single_base_code,
"02TX7088_FRISCO FAMILY HEALTH_4971 PRESTON RD, FRISCO, TX 75034",02TX7088,single_base_code,connected_component_single_base_code,
"02TX7088_FAMILY HEALTH MARKET_4971 PRESTON RD, FRISCO, TX 75034",02TX7088,single_base_code,connected_component_single_base_code,
"02TX7088_FRISCO FAMILY HEALTH CW_4971 PRESTON RD., FRISCO, TX 75034",02TX7088,single_base_code,connected_component_single_base_code,
"02WI3925_BASICS COOP NATURAL FOODS_1711 LODGE DR, JANESVILLE, WI 53545",02WI3925,single_base_code,connected_component_single_base_code,
"02WI3925_BASICS NATURAL FOOD    CW_1711 LODGE DRIVE, JANESVILLE, WI 53545",02WI3925,single_base_code,connected_component_single_base_code,
"02FL5682_EARTH ORIGINS_6651 CENTRAL AVE, ST PETERSBURG, FL 33710",02FL5682,single_base_code,connected_component_single_base_code,
"02FL5682_EARTH ORIGINS MARKET_6651 CENTRAL AVE, ST PETERSBURG, FL 33710",02FL5682,single_base_code,connected_component_single_base_code,
"02FL5682_EARTH ORIGINS MARKET_6651 CENTRAL AVENUE NORTH, SAINT PETERSBURG, FL 33710",02FL5682,single_base_code,connected_component_single_base_code,
"02IN1305_COUNTRY NUTRITION OF INDIANA_1480 OLIVE BRANCH PARKE LANE # 700, GREENWOOD, IN 46143",02IN1305,single_base_code,connected_component_single_base_code,
"02IN1305_COUNTRY NUTRITION-DECATUR@_1480 OLIVE BRANCH PARKE LANE,, GREENWOOD, IN 46143",02IN1305,single_base_code,connected_component_single_base_code,
"02OH1500_DOVER HEALTHY ALTERNATIVS_320 N. WOOSTER, DOVER, OH 44622",02OH1500,single_base_code,connected_component_single_base_code,
"02OH1500_DOVER HEALTHY ALTERNATIVES_320 N WOOSTER AVE, DOVER, OH 44622",02OH1500,single_base_code,connected_component_single_base_code,
"02OH1500_DOVER HEALTHY ALT_320 N WOOSTER AVE, DOVER, OH 44622",02OH1500,single_base_code,connected_component_single_base_code,
"02TX68818_BETTER HEALTH_1716 SANTA FE DR, WEATHERFORD, TX 76086",02TX68818,single_base_code,connected_component_single_base_code,
"02TX68818_BETTER HEALTH MARKET_1716 SANTA FE DRIVE, WEATHERFORD, TX 76087",02TX68818,single_base_code,connected_component_single_base_code,
"02MI9459_NATURAL HEALTH FOODS_4610 W MAIN, KALAMAZOO, MI 49006",02MI9459,single_base_code,connected_component_single_base_code,
"02MI9459_NATURAL HEALTH FOODS     @_4610 WEST MAIN, KALAMAZOO, MI 49006",02MI9459,single_base_code,connected_component_single_base_code,
"02MI9459_NATURAL HEALTH FOODS_4610 W MAIN STREET, KALAMAZOO, MI 49006",02MI9459,single_base_code,connected_component_single_base_code,
"02PA7248_HEALTH HUT AND JAVA HUT %_110 MCMILLEN AVE, BEAVER FALLS, PA 15010",02PA7248,single_base_code,connected_component_single_base_code,
"02PA7248_HEALTH HUT_110 MCMILLEN AVE, BEAVER FALLS, PA 15010",02PA7248,single_base_code,connected_component_single_base_code,
"02OH5100_HEALTH FOODS UNLIMITED_2250 MIAMISBURG CENTER RD, DAYTON, OH 45459",02OH5100,single_base_code,connected_component_single_base_code,
"02OH5100_HEALTH FOODS UNLIMITED_2250 MIAMISBURG-CTRVLE, CENTERVILLE, OH 45459",02OH5100,single_base_code,connected_component_single_base_code,
"02IL1856_SOUTHTOWN HEALTH FOODS_2100 W 95TH ST       NSC, CHICAGO, IL 60643",02IL1856,single_base_code,connected_component_single_base_code,
"02IL1856_SOUTHTOWN HEALTH FOODS @_2100 WEST 95TH ST, CHICAGO, IL 60643",02IL1856,single_base_code,connected_component_single_base_code,
"02IL1856_SOUTHTOWN HEALTH FOODS_2100  W. 95TH ST., CHICAGO, IL 60643",02IL1856,single_base_code,connected_component_single_base_code,
"02IL1856_SOUTHTOWN HEALTH FOODS_2100 W. 95TH ST., CHICAGO, IL 60643",02IL1856,single_base_code,connected_component_single_base_code,
"02TN3663_GOOD FOOD GROCERY_PO BOX 3582, KINGSPORT, TN 37664",02TN3663,single_base_code,connected_component_single_base_code,
"02TN3663_GOOD FOOD GROCERY_1455 E CENTER ST, KINGSPORT, TN 37664",02TN3663,single_base_code,connected_component_single_base_code,
"02CA2805A_LASSENS 12-SL_896 FOOTHILL BLVD, SAN LUIS OBISPO, CA 93405",02CA2805A,single_base_code,connected_component_single_base_code,
"02CA2805A_LASSENS SAN OBISPO_896 FOOTHILL BLVD, SAN LUIS OBISPO, CA 93405",02CA2805A,single_base_code,connected_component_single_base_code,
"02KY2022_RAINBOW BLOSSOM-MIDDLETOWN_12232 SHELBYVILLE ROAD, LOUISVILLE, KY 40243",02KY2022,single_base_code,connected_component_single_base_code,
"02KY2022_RAINBOW BLOSSOM_12232 SHELBYVILLE RD, LOUISVILLE, KY 40243",02KY2022,single_base_code,connected_component_single_base_code,
"02MI5030_ALIVE NATURALLY_1125 SOUTH TELEGRAPH, MONROE, MI 48161",02MI5030,single_base_code,connected_component_single_base_code,
"02MI5030_ALIVE NATURALLY          @_1125 S. TELEGRAPH RD, MONROE, MI 48161",02MI5030,single_base_code,connected_component_single_base_code,
"02MI5030_ALIVE NATURALLY_1125 S TELEGRAPH RD, Monroe, MI 48161",02MI5030,single_base_code,connected_component_single_base_code,
"02MI5030_ALIVE NATURALLY_1125 S. TELEGRAPH RD, MONROE, MI 48161",02MI5030,single_base_code,connected_component_single_base_code,
"02RI2679_BACK TO BASICS NAT FDS_500 MAIN ST STE#2, E GREENWICH, RI 2818",02RI2679,single_base_code,connected_component_single_base_code,
"02RI2679_BACK TO BASICS_500 MAIN ST, EAST GREENWICH, RI 02818",02RI2679,single_base_code,connected_component_single_base_code,
"02AR1973_NATURES WONDERS INC_910-A HWY 65 NORTH, HARRISON, AR 72601",02AR1973,single_base_code,connected_component_single_base_code,
"02AR1973_NATURE'S WONDERS      CW W_910A 62 65 N, HARRISON, AR 72601",02AR1973,single_base_code,connected_component_single_base_code,
"02AR1973_NATURE'S WONDERS_910 A HWY 62-65 N, HARRISON, AR 72601",02AR1973,single_base_code,connected_component_single_base_code,
"02CA7394_VITAMIN ADVENTURE #3_3017 TRAVIS BLVD, FAIRFIELD, CA 94534",02CA7394,single_base_code,connected_component_single_base_code,
"02CA7394_VITAMIN ADVENTURE_3017 TRAVIS BLVD, FAIRFIELD, CA 94534",02CA7394,single_base_code,connected_component_single_base_code,
"02GA1969_NATURES OWN HERB SHOP_628 S CENTRAL AVE, HAPEVILLE, GA 30354",02GA1969,single_base_code,connected_component_single_base_code,
"02GA1969_NATURE'S OWN HERB SHOP_628 S. CENTRAL AVE., HAPEVILLE, GA 30354",02GA1969,single_base_code,connected_component_single_base_code,
"02FL3918_SPROUTS FARMERS MKT #648_9831 GLADES RD, BOCA RATON, FL 33434",02FL3918,single_base_code,connected_component_single_base_code,
"02FL3918_SPROUTS FARMERS MARKET #648_9831 GLADES RD, BOCA RATON, FL 33434",02FL3918,single_base_code,connected_component_single_base_code,
"02TX6949_PEAK NUTRITION CNTR GALVESTON_6187 CENTRAL CITY BLVD, GALVESTON, TX 77551",02TX6949,single_base_code,connected_component_single_base_code,
"02TX6949_PEAK NUTRITION_6187 CENTRAL CITY BLVD, GALVESTON, TX 77551",02TX6949,single_base_code,connected_component_single_base_code,
"02WY0338_SPROUTS FARMERS MKT #338_5214 RUE TERRE, CHEYENNE, WY 82009",02WY0338,single_base_code,connected_component_single_base_code,
"02WY0338_SPROUTS FARMSERS MKT #338_5214 RUE TERRE, CHEYENNE, WY 82009",02WY0338,single_base_code,connected_component_single_base_code,
"02CA2054_FRAZIER FARMS MARKET-OCEAN_1820 OCEANSIDE BLVD, OCEANSIDE, CA 92054",02CA2054,single_base_code,connected_component_single_base_code,
"02CA2054_FRAZIER FARMS MARKET OCEANSIDE_1820 OCEANSIDE BLVD, OCEANSIDE, CA 92054",02CA2054,single_base_code,connected_component_single_base_code,
"02MI2307_HEALTH HUTT 1    W +  CW_3112 HENRY STREET, MUSKEGON, MI 49441",02MI2307,single_base_code,connected_component_single_base_code,
"02MI2307_HEALTH HUTT_3112 HENRY ST, MUSKEGON, MI 49441",02MI2307,single_base_code,connected_component_single_base_code,
"02OH6636_OUR DAILY BREAD        CW_209 S. WALNUT STREET, BRYAN, OH 43506",02OH6636,single_base_code,connected_component_single_base_code,
"02OH6636_OUR DAILY BREAD LLC_209 S.WALNUT ST., BRYAN, OH 43506",02OH6636,single_base_code,connected_component_single_base_code,
"02OH6636_OUR DAILY BREAD_209 S WALNUT ST, BRYAN, OH 43506",02OH6636,single_base_code,connected_component_single_base_code,
"02OH6636_OUR DAILY BREAD_209 SOUTH WALNUT, BRYAN, OH 43506",02OH6636,single_base_code,connected_component_single_base_code,
"02TX4603_NATURE'S PRESENCE       CW_807 NORTH MAIN STREET, BOERNE, TX 78006",02TX4603,single_base_code,connected_component_single_base_code,
"02TX4603_NATURES PRESENCE_807 N. MAIN STREET, BOERNE, TX 78006",02TX4603,single_base_code,connected_component_single_base_code,
"02MS2603_NATURAL HEALTH  %_304 JACKSON AVE, MCCOMB, MS 39648",02MS2603,single_base_code,connected_component_single_base_code,
"02MS2603_NATURAL HEALTH  %      CW_304 JACKSON AVE, MCCOMB, MS 39648",02MS2603,single_base_code,connected_component_single_base_code,
"02MS2603_NATURAL HEALTH_304 JACKSON AVE, MCCOMBS, MS 39648",02MS2603,single_base_code,connected_component_single_base_code,
"02UT4500_SHIRLYNS NATURAL FOODS-DRAPER_183 E 12300 S, DRAPER, UT 84020-6943",02UT4500,single_base_code,connected_component_single_base_code,
"02UT4500_SHIRLYN'S NATURAL FOODS CW_183 E. 12300 SOUTH, DRAPER, UT 84020",02UT4500,single_base_code,connected_component_single_base_code,
"02UT4500_SHIRLYN'S NATURAL FOOD_183 EAST 12300 SOUTH SUITE K1, DRAPER, UT 84020",02UT4500,single_base_code,connected_component_single_base_code,
"02ND4499_NATURE'S COUNTRY STORE   @_GRAND CITIES MALL-STE 22 W, GRAND FORKS, ND 58201",02ND4499,single_base_code,connected_component_single_base_code,
"02ND4499_NATURE'S COUNTRY STORE_GRAND CITIES MALL-STE 22 W, GRAND FORKS, ND 58201",02ND4499,single_base_code,connected_component_single_base_code,
"02OR8482_WHITESTONE VITAMIN AND HEALTH_1019 SE CASS AVENUE, ROSEBURG, OR 97470",02OR8482,single_base_code,connected_component_single_base_code,
"02OR8482_WHITESTONE VITAMINS_1019 SE CASS AVENUE, ROSEBURG, OR 97470",02OR8482,single_base_code,connected_component_single_base_code,
"02NJ2244_CALIFON NATURAL FOODS_438 COUNTY ROAD 513 STE#14, CALIFON, NJ ;07830",02NJ2244,single_base_code,connected_component_single_base_code,
"02NJ2244_CALIFON NATURAL FOODS_438 COUNTY ROAD 513 STE#14, CALIFON, NJ 7830",02NJ2244,single_base_code,connected_component_single_base_code,
"02IL7732_DISCOUNT NUTRITION STORE_185 EAST LAKE ST, BLOOMINGDALE, IL 60108",02IL7732,single_base_code,connected_component_single_base_code,
"02IL7732_DISCOUNT NUTRITION STR  @_185 E LAKE ST, BLOOMINGDALE, nan 60108",02IL7732,single_base_code,connected_component_single_base_code,
"02IL7732_DISCOUNT NUTRITION STR_185 E LAKE ST STE A, BLOOMINGDALE, IL 60108",02IL7732,single_base_code,connected_component_single_base_code,
"02MN8710_GREAT HEALTH NUTRITION   @_1668 S ROBERT ST, ST PAUL, MN 55118",02MN8710,single_base_code,connected_component_single_base_code,
"02MN8710_GREAT HEALTH NUTRITION-WSP_1668 S ROBERT ST, WEST ST PAUL, MN 55118",02MN8710,single_base_code,connected_component_single_base_code,
"02IL8539_OTC SUPPLEMENTS_1732 W GOLF RD, MT PROSPECT, IL 60056",02IL8539,single_base_code,connected_component_single_base_code,
"02IL8539_OTC SUPPLEMENTS INC_1732 W GOLF RD, MT PROSPECT, IL 60056",02IL8539,single_base_code,connected_component_single_base_code,
"02MO7880_THE HEALTH STORE_613 NORTH WALNUT, CAMERON, MO 64429",02MO7880,single_base_code,connected_component_single_base_code,
"02MO7880_THE HEALTH STORE         @_613 N. WALNUT, CAMERON, MO 64429",02MO7880,single_base_code,connected_component_single_base_code,
"02MO7880_THE HEALTH STORE_100 S LAFAYETTE ST, GREENVILLE, MI 48838",02MO7880,single_base_code,connected_component_single_base_code,
"02NY9202_FOOD FOR HEALTH_1653 THIRD AVE., NEW YORK, NY 10128",02NY9202,single_base_code,connected_component_single_base_code,
"02NY9202_FOOD FOR HEALTH_1653 THIRD AVE, NEW YORK, NY 10128",02NY9202,single_base_code,connected_component_single_base_code,
"02CO7089_NG VITAMIN COTTAGE GN-U161_18471 GREEN VALLEY RANCH BLVD, DENVER, CO 80249",02CO7089,single_base_code,connected_component_single_base_code,
"02CO7089_NG VITAMIN COTTAGE GN U161_18471 GREEN VALLEY RANCH BLVD, DENVER, CO 80249",02CO7089,single_base_code,connected_component_single_base_code,
"02CA1942_FRAZIER FARMS - LA MESA_8401 FLETCHER PARKWAY, LA MESA, CA 91942",02CA1942,single_base_code,connected_component_single_base_code,
"02CA1942_FRAZIER FARMS LA MESA_8401 FLETCHER PKWY, LA MESA, CA 91942",02CA1942,single_base_code,connected_component_single_base_code,
"02WV7316A_EARTH ZONE NUTRITION   CW_5870 FRANKFORT HWY, RIDGELEY, WV 26753",02WV7316A,single_base_code,connected_component_single_base_code,
"02WV7316A_EARTH ZONE NUTRITION_5870 FRANKFORT HWY, RIDGELEY, WV 26753",02WV7316A,single_base_code,connected_component_single_base_code,
"02GA6528_SPROUTS FARMERS MARKET  #529_2925 BUFORD DR STE 2400, BUFORD, GA 30519",02GA6528,single_base_code,connected_component_single_base_code,
"02GA6528_SPROUTS FARMERS MKT #529_2925 BUFORD DR STE 2400, BUFORD, GA 30519",02GA6528,single_base_code,connected_component_single_base_code,
"02CO7161_NG VITAMIN COTTAGE SI-U152_200 F STREET, SALIDA, CO 81201",02CO7161,single_base_code,connected_component_single_base_code,
"02CO7161_NG VITAMIN COTTAGE SI U152_200 F STREET, SALIDA, CO 81201",02CO7161,single_base_code,connected_component_single_base_code,
"02GA0532_SPROUTS FARMERS MKT #532_1040 Chen Pkwy, MCDONOUGH, GA 30253",02GA0532,single_base_code,connected_component_single_base_code,
"02GA0532_SPROUTS FARMERS MKT #532_1040 CHEN PKWY, MCDONOUGH, GA 30253",02GA0532,single_base_code,connected_component_single_base_code,
"02PA17770_HOLLY HILL HEALTH FOODS_1200 WELSH RD STE N, NORTH WALES, PA 19454",02PA17770,single_base_code,connected_component_single_base_code,
"02PA17770_HOLLY HILL HEALTH FOODS_1200 WELSH ROAD UNIT N, NORTH WALES, PA 19454",02PA17770,single_base_code,connected_component_single_base_code,
"02WI2989_HEALTH HUT -HALES CORNERS_5610 S 108TH ST, HALES CORNERS, WI 53130",02WI2989,single_base_code,connected_component_single_base_code,
"02WI2989_HEALTH HUT #3_5610 SOUTH 108TH ST, HALES CORNERS, WI 53130",02WI2989,single_base_code,connected_component_single_base_code,
"02WI2989_HEALTH HUT INC   @CW_5610 S 108TH ST, HALES CORNERS, WI 53130",02WI2989,single_base_code,connected_component_single_base_code,
"02CO1147_NG VITAMIN COTTAGE PG U157_755 SAN JUAN ST, PAGOSA SPRINGS, CO 81147",02CO1147,single_base_code,connected_component_single_base_code,
"02CO1147_NG VITAMIN COTTAGE PG-U157_755 SAN JUAN ST, PAGOSA SPRINGS, CO 81147",02CO1147,single_base_code,connected_component_single_base_code,
"02FL2887_VITACOST.COM -NC_4700 EXCHANGE CT, BOCA RATON, FL 33431",02FL2887,single_base_code,connected_component_single_base_code,
"02FL2887_VITACOST.COM - KY_4700 EXCHANGE CT, BOCA RATON, FL 33431",02FL2887,single_base_code,connected_component_single_base_code,
"02WI8844_HEALTH HUT_2225 S 108TH ST, WEST ALLIS, WI 53227",02WI8844,single_base_code,connected_component_single_base_code,
"02WI8844_HEALTH HUT - WEST ALLIS_2225 S 108TH ST, WEST ALLIS, WI 53227",02WI8844,single_base_code,connected_component_single_base_code,
"02WI8844_HEALTH HUT INC       @CW_2225 SOUTH 108TH STREET, WEST ALLIS, WI 53227",02WI8844,single_base_code,connected_component_single_base_code,
"02MO1001_NG VITAMIN COTTAGE JC U163_3535 MISSOURI BLVD STE 129, JEFFERSON CITY, MO 65109",02MO1001,single_base_code,connected_component_single_base_code,
"02MO1001_NG VITAMIN COTTAGE JC- U163_3535 MISSOURI BLVD STE 129, JEFFERSON CITY, MO 65109",02MO1001,single_base_code,connected_component_single_base_code,
"02IL0461_POLSON'S DIETARY FOODS_960 MAIN ST, ANTIOCH, IL 60002",02IL0461,single_base_code,connected_component_single_base_code,
"02IL0461_POLSON'S DIETARY FOODS   @_960 MAIN STREET, ANTIOCH, IL 60002",02IL0461,single_base_code,connected_component_single_base_code,
"02IL0461_POLSONS NATURAL FOOD_960 MAIN STREET, ANTIOCH, IL 60002",02IL0461,single_base_code,connected_component_single_base_code,
"02IL0036_BACK TO NATURE_5556 W. BELMONT, CHICAGO, IL 60641",02IL0036,single_base_code,connected_component_single_base_code,
"02IL0036_BACK TO NATURE_5556 W BELMONT, CHICAGO, IL 60641",02IL0036,single_base_code,connected_component_single_base_code,
"02MO4377_HEALTHY HABITS LLC_1500 S LIMIT AVE, SEDALIA, MO 65301",02MO4377,single_base_code,connected_component_single_base_code,
"02MO4377_HEALTHY HABITS LLC_3113 W BROADWAY BLVD, SEDALIA, MO 65301",02MO4377,single_base_code,connected_component_single_base_code,
"02PA2144_MILLER HERBS_nan, nan, nan nan",02PA2144,single_base_code,connected_component_single_base_code,
"02PA2144_MILLER HERBS_3624  LEACH RD, ATLANTIC, PA nan",02PA2144,single_base_code,connected_component_single_base_code,
"02IN7025_AT NATURES DOOR_5830 HWY 6, PORTAGE, IN 46368",02IN7025,single_base_code,connected_component_single_base_code,
"02IN7025_AT NATURE'S DOOR_5830 HWY 6, PORTAGE, IN 46368",02IN7025,single_base_code,connected_component_single_base_code,
"02IN7025_AT NATURE'S DOOR_5830 US-6, PORTAGE, IN 46368",02IN7025,single_base_code,connected_component_single_base_code,
"02PA8418_BURMANS NATURAL FOODS_3411 EDGEMONT AVE, BROOKHAVEN, PA 19015",02PA8418,single_base_code,connected_component_single_base_code,
"02PA8418_BURMAN'S NATURAL FOODS_3409 EDGMONT AVE., BROOKHAVEN, PA 19015",02PA8418,single_base_code,connected_component_single_base_code,
"02MO0990A_CLOVERS NATURAL MARKET_2100 CHAPEL PLAZA COURT, COLUMBIA, MO 65203",02MO0990A,single_base_code,connected_component_single_base_code,
"02MO0990A_CLOVERS NATURAL FOODS FORUM_2100 CHAPEL PLAZA COURT, COLUMBIA, MO 65203",02MO0990A,single_base_code,connected_component_single_base_code,
"02MI3158_NASSAU HEALTH FOODS_833 T.J. COURSON RD, FERNANDINA BCH, FL 32034",02MI3158,single_base_code,connected_component_single_base_code,
"02MI3158_NASSAU HEALTH FOODS      @_908 ASHLEE COURT, NORTON SHORES, MI 49441",02MI3158,single_base_code,connected_component_single_base_code,
"02MI3158_NASSAU HEALTH FOODS_908 ASHLEE COURT, NORTON SHORES, MI 49441",02MI3158,single_base_code,connected_component_single_base_code,
"02CT1786_ITS ONLY NATURAL   CW    @_575 MAIN ST, MIDDLETOWN, CT 06457",02CT1786,single_base_code,connected_component_single_base_code,
"02CT1786_ITS ONLY NATURAL_575 MAIN ST, MIDDLETOWN, CT 6457",02CT1786,single_base_code,connected_component_single_base_code,
"02TX6366_NATURAL HEALTH MARKET_4414 82ND., LUBBOCK, TX 79424",02TX6366,single_base_code,connected_component_single_base_code,
"02TX6366_NATURAL HEALTH MARKET_4414 82ND ST #103, LUBBOCK, TX 79424",02TX6366,single_base_code,connected_component_single_base_code,
"02TX6366_NATURAL HEALTH MARKET_4414 82ND STREET, LUBBOCK, TX 79424",02TX6366,single_base_code,connected_component_single_base_code,
"02TX6366_NATURAL HEALTH MKT #2_4414 82ND ST #103, LUBBOCK, TX 79424",02TX6366,single_base_code,connected_component_single_base_code,
"02GA9306_VITA-MART INC._2509 PLANT AVE, WAYCROSS, GA 31501-6086",02GA9306,single_base_code,connected_component_single_base_code,
"02GA9306_VITAMART INC_2509-B PLANT AVE, WAYCROSS, GA 31501",02GA9306,single_base_code,connected_component_single_base_code,
"02PA0076_SPROUTS FARMERS MKT #854_2327 COTTMAN AVE STE 9, PHILADELPHIA, PA 19149",02PA0076,single_base_code,connected_component_single_base_code,
"02PA0076_SPROUTS FARMERS MKT #0854_2327 COTTMAN AVE STE 9, PHILADELPHIA, PA 19149",02PA0076,single_base_code,connected_component_single_base_code,
"02MS3009_VITAMINS PLUS, INC     CW_427 WEATHERSBY RD, HATTIESBURG, MS 39402",02MS3009,single_base_code,connected_component_single_base_code,
"02MS3009_VITAMIN PLUS_427 WEATHERSBY RD, HATTIESBURG, MS 39402",02MS3009,single_base_code,connected_component_single_base_code,
"02MS3009_VITAMINS PLUS_427 WEATHERSBY ROAD, HATTIESBURG, MS 39402",02MS3009,single_base_code,connected_component_single_base_code,
"02WI7733_NUTRITION CENTER_207 N MAIN ST, WAUPACA, WI 54981",02WI7733,single_base_code,connected_component_single_base_code,
"02WI7733_NUTRITION CENTER         @_207 N. MAIN STREET, WAUPACA, WI 54981",02WI7733,single_base_code,connected_component_single_base_code,
"02MI2279_NATURAL HEALTH FOODS - JACKSON_1090 JACKSON CROSSING, JACKSON, MI 49202",02MI2279,single_base_code,connected_component_single_base_code,
"02MI2279_NATURAL HEALTH FOODS_1090 JACKSON CROSSING, JACKSON, MI 49202",02MI2279,single_base_code,connected_component_single_base_code,
"02NE2460_RED CLOVER MARKET_5500 OLD CHENEY RD STE#14, LINCOLN, NE 68516",02NE2460,single_base_code,connected_component_single_base_code,
"02NE2460_RED CLOVER MKT_5500 OLD CHENEY RD #14, LINCOLN, NE 68516",02NE2460,single_base_code,connected_component_single_base_code,
"02NH9999_DOVER NATURAL MRKTPLC&CAFE_7 CHESTNUT STREET, DOVER, NH 3820",02NH9999,single_base_code,connected_component_single_base_code,
"02NH9999_DOVER NATURAL MARKETPLACE_7 CHESTNUT STREET, DOVER, NH 03820",02NH9999,single_base_code,connected_component_single_base_code,
"02IA8124_NUTRITION OUTLET      CW_2114 PARK AVE, MUSCATINE, IA 52761",02IA8124,single_base_code,connected_component_single_base_code,
"02IA8124_NUTRITION OUTLET_2114  PARK AVE, MUSCATINE, IA 52761",02IA8124,single_base_code,connected_component_single_base_code,
"02FL8583_PENSACOLA NATURAL FOODS INC._916 W MICHIGAN AVE, PENSACOLA, FL 32505",02FL8583,single_base_code,connected_component_single_base_code,
"02FL8583_PENSACOLA NAT FDS INC_916 W MICHIGAN AVE STE C, PENSACOLA, FL 32505",02FL8583,single_base_code,connected_component_single_base_code,
"02IL8568_BACK TO NATURE_5898 SOUTH ARCHER, CHICAGO, IL 60638",02IL8568,single_base_code,connected_component_single_base_code,
"02IL8568_BACK TO NATURE  ( 8568)_5898 SOUTH ARCHER, CHICAGO, IL 60638",02IL8568,single_base_code,connected_component_single_base_code,
"02KS2428_NATURES WAY HEALTH FOOD_719 E KANSAS PLAZA, GARDEN CITY, KS 67846",02KS2428,single_base_code,connected_component_single_base_code,
"02KS2428_NATURES WAY HEALTH FOOD_719 E. KANSAS PLAZA, GARDEN CITY, KS 67846",02KS2428,single_base_code,connected_component_single_base_code,
"02OH0431_FAIRBORN NATURAL FOODS_146 NORTH BROAD STREET, FAIRBORN, OH 45324",02OH0431,single_base_code,connected_component_single_base_code,
"02OH0431_FAIRBORN NATURAL FOODS_146 N BROAD ST, FAIRBORN, OH 45324",02OH0431,single_base_code,connected_component_single_base_code,
"02OH0431_FAIRBORN NATURAL FOODS_146 NORTH BROAD ST., FAIRBORN, OH 45324",02OH0431,single_base_code,connected_component_single_base_code,
"02FL7222_GRANARY WHOLE FOODS INC_1738 KINGSLEY AVENUE, ORANGE PARK, FL 32073",02FL7222,single_base_code,connected_component_single_base_code,
"02FL7222_THE GRANARY WHOLEFOODS INC._1738 KINGSLEY AVE, ORANGE PARK, FL 32073",02FL7222,single_base_code,connected_component_single_base_code,
"02LA9037_NATURAL NUTRITION CENTER_616 S LEWIS ST, NEW IBERIA, LA 70560",02LA9037,single_base_code,connected_component_single_base_code,
"02LA9037_NATURAL NUTRITION CNTR  5%_616 S LEWIS ST STE L, NEW IBERIA, LA 70560",02LA9037,single_base_code,connected_component_single_base_code,
"02CA4070_NATURALLY YOURS_35234 HIGHWAY 41, COARSEGOLD, CA 93614",02CA4070,single_base_code,connected_component_single_base_code,
"02CA4070_NATURALLY YOURS     CW_35234 HWY 41, COARSEGOLD, CA 93614",02CA4070,single_base_code,connected_component_single_base_code,
"02CA4070_NATURALLY YOURS_710 GENEVA ST, LAKE GENEVA, WI 53147",02CA4070,single_base_code,connected_component_single_base_code,
"02WV5801_HEALTHSMART_302 GALLERIA PLAZA, BECKLEY, WV 25801",02WV5801,single_base_code,connected_component_single_base_code,
"02WV5801_HEALTHSMART LLC_302 GALLERIA PLAZA, BECKLEY, WV 25801",02WV5801,single_base_code,connected_component_single_base_code,
"02UT2253_KATHY'S HERB SHOP_438 S. STATE ST., MOUNT PLEASANT, UT 84647",02UT2253,single_base_code,connected_component_single_base_code,
"02UT2253_KATHY'S HERB SHOP_438 SOUTH STATE ST, MOUNT PLEASANT, UT 84647",02UT2253,single_base_code,connected_component_single_base_code,
"02UT1118_SHIRLYNS NATURAL FOODS-SANDY_9186 S.VILLAGE SHOP DR., SANDY, UT 84094",02UT1118,single_base_code,connected_component_single_base_code,
"02UT1118_SHIRLYN'S NATURAL FOODS+CW_9186 SOUTH VILLAGE SHOP DR, SANDY, UT 84094",02UT1118,single_base_code,connected_component_single_base_code,
"02UT1118_SHIRLYN'S NATURAL FOODS_9186 SOUTH VILLAGE SHOP DR, SANDY, UT 84094",02UT1118,single_base_code,connected_component_single_base_code,
"09TX7901_ORGANIC EMPORIUM_105 C C DUCKETT, CUERO, TX 77954",09TX7901,single_base_code,connected_component_single_base_code,
"09TX7901_ORGANIC EMPORIUM - CUERO_105 C.L.DUCKETT DR, CUERO, TX 77954",09TX7901,single_base_code,connected_component_single_base_code,
"02FL7002_DEBBIES HEALTH FOOD INC_862 SAXON BLVD, ORANGE CITY, FL 32763",02FL7002,single_base_code,connected_component_single_base_code,
"02FL7002_DEBBIES HEALTH FOOD_862 SAXON BLVD, ORANGE CITY, FL 32763",02FL7002,single_base_code,connected_component_single_base_code,
"02MD2360_HERBAL INFUSION_952 E SWAN CREEK RD, FORT WASHINGTON, MD 20744",02MD2360,single_base_code,connected_component_single_base_code,
"02MD2360_HERBAL INFUSION_952-B E. SWAN CREEK RD, FT WASHINGTON, MD 20744",02MD2360,single_base_code,connected_component_single_base_code,
"02MI9200_DISCOUNT HEALTH FOODS_1006 W OHIO ST, BAY CITY, MI 48706",02MI9200,single_base_code,connected_component_single_base_code,
"02MI9200_DISCOUNT HEALTH FOODS    @_1006 W OHIO ST, BAY CITY, MI 48706",02MI9200,single_base_code,connected_component_single_base_code,
"02MI9200_DISCOUNT HEALTH FOODS_1006 W OHIO STREET, BAY CITY, MI 48706",02MI9200,single_base_code,connected_component_single_base_code,
"02FL4377_NUTRITION WORLD PALM BEACH_2401 PGA BLVD.SUITE 136, PALM BEACH GARDENS, FL 33410",02FL4377,single_base_code,connected_component_single_base_code,
"02FL4377_NUTRITION WORLD-PALM BEACH_2401 PGA BOULEVARD STE #136, WEST PALM BEACH, FL 33410",02FL4377,single_base_code,connected_component_single_base_code,
"02FL4377_NUTRITION WORLD_2401 PGA BLVD STE 136, PALM BCH GARDNS, FL 33410",02FL4377,single_base_code,connected_component_single_base_code,
"02FL4377_NUTRITION WRLD-PALM BEACH_2401 P.G.A. BLVD STE#136, PALM BEACH GRDN, FL 33410",02FL4377,single_base_code,connected_component_single_base_code,
"02AR2401_TRUCK PATCH_906 SOUTHWEST DR STE B, JONESBORO, AR 72401",02AR2401,single_base_code,connected_component_single_base_code,
"02AR2401_THE TRUCK PATCH_906 SOUTHWEST DR STE B, JONESBORO, AR 72401",02AR2401,single_base_code,connected_component_single_base_code,
"02MI3333A_HEALTH NUT_25150 GRATIOT, ROSEVILLE, MI 48066",02MI3333A,single_base_code,connected_component_single_base_code,
"02MI3333A_HEALTH NUT_25150 GRATIOT AVENUE, ROSEVILLE, MI 48066",02MI3333A,single_base_code,connected_component_single_base_code,
"02IL5099_AMERICAN HEALTH FOODS_5142 W 95th ST, OAK LAWN, IL 60453",02IL5099,single_base_code,connected_component_single_base_code,
"02IL5099_AMERICAN HEALTH FOODS_5142 W 95TH ST, OAK LAWN, IL 60453",02IL5099,single_base_code,connected_component_single_base_code,
"02OH0994_NATURAL FOODS PLUS_2901 PHILADELPHIA DR, DAYTON, OH 45405",02OH0994,single_base_code,connected_component_single_base_code,
"02OH0994_NATURAL FOODS PLUS_2901 PHILADELPHIA DRIVE, DAYTON, OH 45405",02OH0994,single_base_code,connected_component_single_base_code,
"02OH9055_QUALITY HEALTH FOODS_1001 W HIGH ST, BRYAN, OH 43506",02OH9055,single_base_code,connected_component_single_base_code,
"02OH9055_QUALITY HEALTH FOODS_1001 W. HIGH STREET, BRYAN, OH 43506",02OH9055,single_base_code,connected_component_single_base_code,
"02MN0050_GRAIN BIN_4617 STATE HIGHWAY 29 S, ALEXANDRIA, MN 56308",02MN0050,single_base_code,connected_component_single_base_code,
"02MN0050_GRAIN BIN                @_4617 STATE HIGHWAY 29 S, ALEXANDRIA, MN 56308",02MN0050,single_base_code,connected_component_single_base_code,
"02MN0050_GRAIN BIN_4617 STATE HWY 29 S #107, ALEXANDRIA, MN 56308",02MN0050,single_base_code,connected_component_single_base_code,
"02IA7345A_HEALTH HUT      CW_83 16TH AVE SW, CEDAR RAPIDS, IA 52404",02IA7345A,single_base_code,connected_component_single_base_code,
"02IA7345A_HEALTH HUT       CW_83 16TH AVE SW, CEDAR RAPIDS, IA 52404",02IA7345A,single_base_code,connected_component_single_base_code,
"02OK0877_MARTHAS HEALTH FOODS_215 W. KENOSHA ST., BROKEN ARROW, OK 74012",02OK0877,single_base_code,connected_component_single_base_code,
"02OK0877_MARTHA'S HEALTH FOODS_215 W KENOSHA ST, BROKEN ARROW, OK 74012",02OK0877,single_base_code,connected_component_single_base_code,
"02PA2435_DIETARY FOODS_843 PITTSBURGH AVE., ERIE, PA 16505",02PA2435,single_base_code,connected_component_single_base_code,
"02PA2435_DIETARY FOODS    CW    5%_843 PITTSBURG AVE, ERIE, PA 16505",02PA2435,single_base_code,connected_component_single_base_code,
"02PA2435_DIETARY FOODS    CW    5%_843 PITTSBURGH AVE, ERIE, PA 16505",02PA2435,single_base_code,connected_component_single_base_code,
"02PA2435_DIETARY FOODS_843 PITTSBURGH AVE, ERIE, PA 16505",02PA2435,single_base_code,connected_component_single_base_code,
"02MO3608_NATURES PANTRY - LEBANON_555 E ELM ST, LEBANON, MO 65536",02MO3608,single_base_code,connected_component_single_base_code,
"02MO3608_NATURES PANTRY_555 E ELM ST, LEBANON, MO 65536",02MO3608,single_base_code,connected_component_single_base_code,
"02MO3608_NATURES PANTRY_555 E. ELM STREET, LEBANON, MO 65536",02MO3608,single_base_code,connected_component_single_base_code,
"02IN4717_SUNSPOT NATURAL MARKET   @_3717 SOUTH REED RD, KOKOMO, IN 46902",02IN4717,single_base_code,connected_component_single_base_code,
"02IN4717_SUNSPOT NATURAL FDS S_3717 S REED ROAD, KOKOMO, IN 46902",02IN4717,single_base_code,connected_component_single_base_code,
"02IN4717_SUNSPOT NATURAL MARKET_3717 S REED ROAD STE#101, KOKOMO, IN 46902",02IN4717,single_base_code,connected_component_single_base_code,
"02NV4467_NG VITAMIN COTTAGE IV #U171_873 TAHOE BLVD, INCLINE VILLAGE, NV 89451",02NV4467,single_base_code,connected_component_single_base_code,
"02NV4467_NG VITAMIN COTTAGE IV U171_873 TAHOE BLVD, INCLINE VILLAGE, NV 89451",02NV4467,single_base_code,connected_component_single_base_code,
"02TX1993_FAMILY NUTRITION CTR-CLEBU_1663 W HENDERSON ST #36, CLEBURNE, TX 76033",02TX1993,single_base_code,connected_component_single_base_code,
"02TX1993_FAMILY NUTRITION CENTER_1663 W HENDERSON ST, CLEBURNE, TX 76033",02TX1993,single_base_code,connected_component_single_base_code,
"02TX1993_FAMILY NUTRITION CENTER_1663 W. HENDERSON ST., CLEBURNE, TX 76033",02TX1993,single_base_code,connected_component_single_base_code,
"02TX1993_FAMILY NUTRITION CNTR    @_1663  WEST HENDERSON ST, CLEBURNE, TX 76033",02TX1993,single_base_code,connected_component_single_base_code,
"02LA6005A_NUTRITION PLUS_P O BOX 945, ABBEVILLE, LA 70511",02LA6005A,single_base_code,connected_component_single_base_code,
"02LA6005A_NUTRITION PLUS_PO BOX 945, ABBEVILLE, LA 70511",02LA6005A,single_base_code,connected_component_single_base_code,
"02GA9717_THE HERB SHOP_5752 AUSTELL POWDER SPRINGS RD, AUSTELL, GA 30106",02GA9717,single_base_code,connected_component_single_base_code,
"02GA9717_HERB SHOP_5762 AUSTELL POWDER SPRINGS RD, AUSTELL, GA 30106",02GA9717,single_base_code,connected_component_single_base_code,
"02TX4048_NATURAL FOODS MARKET_2311 W WADLEY AVE, MIDLAND, TX 79705-6343",02TX4048,single_base_code,connected_component_single_base_code,
"02TX4048_NATURAL FOOD MARKET_2311 WEST WADLEY AVE, MIDLAND, TX 79705",02TX4048,single_base_code,connected_component_single_base_code,
"02TX0544_PAMS HEALTH &NUTRITION CT_516 OAK STREET       5%, GRAHAM, TX 76450",02TX0544,single_base_code,connected_component_single_base_code,
"02TX0544_PAMS HEALTH &NUTRITION CT_608 4TH STREET, GRAHAM, TX 76450",02TX0544,single_base_code,connected_component_single_base_code,
"02CA8330_RAINBOW ACRES_13208 WASHINGTON BLVD, LOS ANGELES, CA 90066",02CA8330,single_base_code,connected_component_single_base_code,
"02CA8330_RAINBOW ACRES      RE/CW_13208 W. WASHINGTON BLVD., LOS ANGELES, CA 90066",02CA8330,single_base_code,connected_component_single_base_code,
"02CA8330_RAINBOW ACRES_13208 W WASHINGTON BLVD, LOS ANGELES, CA 90066",02CA8330,single_base_code,connected_component_single_base_code,
"02TX5165_ANN'S HEALTH FOOD CENTER_2305 N HWY 77 STE# 102, WAXAHACHIE, TX 75165",02TX5165,single_base_code,connected_component_single_base_code,
"02TX5165_ANN'S HEALTH FOOD CENTER_2305 N. HWY 77, WAXAHACHIE, TX 75165",02TX5165,single_base_code,connected_component_single_base_code,
"02TX5165_ANN'S HEALTH FOOD CTR & MRKT 2_2305 N. HWY 77, WAXAHACHIE, TX 75165",02TX5165,single_base_code,connected_component_single_base_code,
"02TX5165_ANNS HEALTH FOOD CENTER_2305 N HWY 77 STE 102, WAXAHACHIE, TX 75165",02TX5165,single_base_code,connected_component_single_base_code,
"02WA1700_NG VITAMIN COTTAGE SK U159_2512 E 29TH AVE, SPOKANE, WA 99223",02WA1700,single_base_code,connected_component_single_base_code,
"02WA1700_NG VITAMIN COTTAGE SK-U159_2512 E 29TH AVE, SPOKANE, WA 99223",02WA1700,single_base_code,connected_component_single_base_code,
"02TN4909_HEALTH SHOPPE - EDDIE'S_8025 KINGSTON PIKE STE#2, KNOXVILLE, TN 37919",02TN4909,single_base_code,connected_component_single_base_code,
"02TN4909_HEALTH SHOPPE - EDDIE'S  @_8025 KINGSTON PIKE, KNOXVILLE, TN 37919",02TN4909,single_base_code,connected_component_single_base_code,
"02TN4909_HEALTH SHOPPE_8025 KINGSTON PIKE, KNOXVILLE, TN 37919",02TN4909,single_base_code,connected_component_single_base_code,
"02ND1026_TERRY'S HEALTH PRODUCTS_717 E MAIN AVE, BISMARCK, ND 58501-4525",02ND1026,single_base_code,connected_component_single_base_code,
"02ND1026_TERRYS HEALTH PRODUCTS_717 E. MAIN AVE, BISMARCK, ND 58501",02ND1026,single_base_code,connected_component_single_base_code,
"02LA9910_OUR DAILY BREAD_9414 FLORIDA BLVD, BATON ROUGE, LA 70815",02LA9910,single_base_code,connected_component_single_base_code,
"02LA9910_OUR DAILY BREAD        CW_9414 FLORIDA BLVD., BATON ROUGE, LA 70815",02LA9910,single_base_code,connected_component_single_base_code,
"02LA9910_OUR DAILY BREAD_209 S WALNUT ST, BRYAN, OH 43506",02LA9910,single_base_code,connected_component_single_base_code,
"02LA9910_OUR DAILY BREAD_9412 FLORIDA BLVD, BATON ROUGE, LA 70815",02LA9910,single_base_code,connected_component_single_base_code,
"02OH9715_HSU & CO #4_4355 MORSE RD, GAHANNA, OH 43230",02OH9715,single_base_code,connected_component_single_base_code,
"02OH9715_HSU & CO -NORTHEAST #3_4355 MORSE ROAD, GAHANNA, OH 43230",02OH9715,single_base_code,connected_component_single_base_code,
"02AZ0304_SPROUTS FARMERS MKT #048_37666 N GANTZEL ROAD, QUEEN CREEK, AZ 85140",02AZ0304,single_base_code,connected_component_single_base_code,
"02AZ0304_SPROUTS FARMERS MKT #48_37666 N GANTZEL ROAD, QUEEN CREEK, AZ 85140",02AZ0304,single_base_code,connected_component_single_base_code,
"02PA7230_WHOLLY HOLISTIC_1150 CARLISLE ST  STE#8, HANOVER, PA 17331",02PA7230,single_base_code,connected_component_single_base_code,
"02PA7230_WHOLLY HOLISTIC_1150 CARLISLE ST SUITE 8, HANOVER, PA 17331",02PA7230,single_base_code,connected_component_single_base_code,
"02PA7230_WHOLLY HOLISTIC_1150 CARLISLE ST, HANOVER, PA 17331",02PA7230,single_base_code,connected_component_single_base_code,
"02CA6321_COMPLETE HEALTH STORE_1756 NORTH RIVERSIDE AVE, RIALTO, CA 92376",02CA6321,single_base_code,connected_component_single_base_code,
"02CA6321_COMPLETE HEALTH STORE_1756 N RIVERSIDE AVE, RIALTO, CA 92376",02CA6321,single_base_code,connected_component_single_base_code,
"02NM9763_MOSES KOUNTRY HLTH FD ST_7115 4TH STREET N W, ALBUQUERQUE, NM 87107",02NM9763,single_base_code,connected_component_single_base_code,
"02NM9763_MOSES KOUNTRY HEALTH FOOD_7115 4TH. STREET N.W., ALBUQUERQUE, NM 87107",02NM9763,single_base_code,connected_component_single_base_code,
"02TX3380_SPROUTS FARMERS MKT #120_655 SUNLAND PARK DRIVE, SUITE B, EL PASO, TX 79912",02TX3380,single_base_code,connected_component_single_base_code,
"02TX3380_SPROUTS FARMERS MKT#120_655 SUNLAND PARK DRIVE, SUITE B, EL PASO, TX 79912",02TX3380,single_base_code,connected_component_single_base_code,
"02WI0203_MILK AND HONEY_10948 WEST CAPITOL DRIVE, WAUWATOSA, WI 53222",02WI0203,single_base_code,connected_component_single_base_code,
"02WI0203_MILK 'N HONEY NATURAL    @_10948 WEST CAPITOL DRIVE, WAUWATOSA, WI 53222",02WI0203,single_base_code,connected_component_single_base_code,
"02WI0203_MILK 'N HONEY NATURAL_10948 W CAPITOL DR, MILWAUKEE, WI 53222",02WI0203,single_base_code,connected_component_single_base_code,
"02CA0773_WHOLE WHEATERY_44264 N 10TH ST WEST, LANCASTER, CA 93534",02CA0773,single_base_code,connected_component_single_base_code,
"02CA0773_THE WHOLE WHEATERY_44264 N 10TH ST WEST, LANCASTER, CA 93534",02CA0773,single_base_code,connected_component_single_base_code,
"02OH1647_BERRY'S NATURAL FOOD MKT_4405 MAHONING AVE, YOUNGSTOWN, OH 44515",02OH1647,single_base_code,connected_component_single_base_code,
"02OH1647_BERRY'S NAT FD MKT     CW_4405 MAHONING AVE, YOUNGSTOWN, OH 44515",02OH1647,single_base_code,connected_component_single_base_code,
"02GA0100_FEELING GREAT_718 MALL BLVD., BRUNSWICK, GA 31525",02GA0100,single_base_code,connected_component_single_base_code,
"02GA0100_FEELIN GREAT & WELLNESS CTR_718 MALL BLVD, BRUNSWICK, GA 31525",02GA0100,single_base_code,connected_component_single_base_code,
"09FL50941_PUREFORMULAS INC_11800 NW 102 ROAD SUITE 2, MEDLEY, FL 33178",09FL50941,single_base_code,connected_component_single_base_code,
"09FL50941_PUREFORMULAS INC_11800 NW 102 ROAD SUITE 2, MIAMI, FL 33178",09FL50941,single_base_code,connected_component_single_base_code,
"02NC1808_FEELIN GREAT_218 W ALLEN, HENDERSONVILLE, NC 28739",02NC1808,single_base_code,connected_component_single_base_code,
"02NC1808_FEELIN GREAT MARKET_218 W ALLEN, HENDERSONVILLE, NC 28739",02NC1808,single_base_code,connected_component_single_base_code,
"02AR6415_ANN'S HEALTH FOOD        @_9800 AR-107, SHERWOOD, AR 72120",02AR6415,single_base_code,connected_component_single_base_code,
"02AR6415_ANN'S HEALTH FOOD STORE_9800 HIGHWAY 107, SHERWOOD, AR 72120",02AR6415,single_base_code,connected_component_single_base_code,
"02AR6415_ANN'S HEALTH FOOD_9800 HWY 107, SHERWOOD, AR 72120",02AR6415,single_base_code,connected_component_single_base_code,
"02MN0514A_NATURWAY FOODS INC._84 33RD AVE. SOUTH, SAINT CLOUD, MN 56301",02MN0514A,single_base_code,connected_component_single_base_code,
"02MN0514A_NATURWAY FOODS INC_84 33RD AVE SOUTH, ST CLOUD, MN 56301",02MN0514A,single_base_code,connected_component_single_base_code,
"02IN6382_WILMAS HEALTH CARE INC_203 S MAIN ST, CHURUBUSCO, IN 46723",02IN6382,single_base_code,connected_component_single_base_code,
"02IN6382_WILMA'S HEALTH CARE, INC._203 S. MAIN ST., CHURUBUSCO, IN 46723",02IN6382,single_base_code,connected_component_single_base_code,
"02FL2144_FLORIDA HEALTH FOODS_7648 LEM TURNER ROAD, JACKSONVILLE, FL 32208",02FL2144,single_base_code,connected_component_single_base_code,
"02FL2144_FLORIDA HEALTH FOODS_7648 LEM TURNER RD, JACKSONVILLE, FL 32208",02FL2144,single_base_code,connected_component_single_base_code,
"02MI1731_HEALTH HUT_212 E MAIN ST, MIDLAND, MI 48640",02MI1731,single_base_code,connected_component_single_base_code,
"02MI1731_HEALTH HUT_212 E. MAIN STREET, MIDLAND, MI 48640",02MI1731,single_base_code,connected_component_single_base_code,
"02MS0211_WHOLESALE NUTRITION INC_2202 GOODMAN RD E, SOUTHAVEN, MS 38672",02MS0211,single_base_code,connected_component_single_base_code,
"02MS0211_WHOLESALE NUTRIT INC_2202 GOODMAN RD EAST, SOUTHAVEN, MS 38672",02MS0211,single_base_code,connected_component_single_base_code,
"02IL1659_CLETA'S NUTRITION_3004 GODFREY ROAD, GODFREY, nan 62035",02IL1659,single_base_code,connected_component_single_base_code,
"02IL1659_CLETA'S NUTRITION_3004 GODFREY RD, GODFREY, IL 62035",02IL1659,single_base_code,connected_component_single_base_code,
"02IL1659_CLETA'S NUTRITION_3004 GODFREY ROAD, GODFREY, IL 62035",02IL1659,single_base_code,connected_component_single_base_code,
"02IL7363_COLBY NATURAL HEALTH_141 SOUTH MAIN STREET, MORTON, IL 61550",02IL7363,single_base_code,connected_component_single_base_code,
"02IL7363_COLBY NATURAL HEALTH_226 W ADAMS, MORTON, IL 61550",02IL7363,single_base_code,connected_component_single_base_code,
"02IL7363_COLBY NATURAL HEALTH_226 W ADAMS, SUITE A, MORTON, IL 61550",02IL7363,single_base_code,connected_component_single_base_code,
"02IL7363_COLBY NATURAL HEALTH_226 WEST ADAMS, MORTON, IL 61550",02IL7363,single_base_code,connected_component_single_base_code,
"02VA4697_NATURES OUTLET_294 COMMONWEALTH BLVD, MARTINSVILLE, VA 24112",02VA4697,single_base_code,connected_component_single_base_code,
"02VA4697_NATURE'S OUTLET #3_294 COMMONWEALTH BLVD W, MARTINSVILLE, VA 24112-2050",02VA4697,single_base_code,connected_component_single_base_code,
"02FL5224A_EARTH ORIGINS_1917 E SILVER SPRING BLVD, OCALA, FL 34470",02FL5224A,single_base_code,connected_component_single_base_code,
"02FL5224A_EARTH ORIGINS #13_1917 E SILVER SPGS BLVD, OCALA, FL 34470",02FL5224A,single_base_code,connected_component_single_base_code,
"02MO2202_NATURAL GROCERS_NG VITAMIN COTTAGE SN U165_3333 S GLENSTONE AVE, SPRINGFIELD, MO 65803",02MO2202,single_base_code,connected_component_single_base_code,
"02MO2202_NG VITAMIN COTTAGE SN U165_3333 S GLENSTONE AVE, SPRINGFIELD, MO 65803",02MO2202,single_base_code,connected_component_single_base_code,
"02WY1700_MOUNTAIN HIGH HEALTH FOOD_1902 17TH ST., CODY, WY 82414",02WY1700,single_base_code,connected_component_single_base_code,
"02WY1700_MOUNTAIN HIGH HEALTH FOODS_1902 17TH STREET SUITE A, CODY, WY 82414",02WY1700,single_base_code,connected_component_single_base_code,
"02KS7337_NATURAL FOOD CENTER_414 WEST 8TH STREET, COFFEYVILLE, KS 67337",02KS7337,single_base_code,connected_component_single_base_code,
"02KS7337_NATURAL FOOD CENTER INC_414 W 8TH, COFFEYVILLE, KS 67337",02KS7337,single_base_code,connected_component_single_base_code,
"02MT9259_SUN DROP HEALTH FDS #2_639 9TH ST W, COLUMBIA FALLS, MT 59912",02MT9259,single_base_code,connected_component_single_base_code,
"02MT9259_SUN DROP HEALTH FDS #2_706 NUCLEUS AVE, COLUMBIA FALLS, MT 59912",02MT9259,single_base_code,connected_component_single_base_code,
"02GA4478A_CHEROKEE HERB SHOP_4 COOSAWATTEE AVE.SW, ROME, GA 30165",02GA4478A,single_base_code,connected_component_single_base_code,
"02GA4478A_CHEROKEE HERB SHOP_4 COOSAWATTEE AVE, ROME, GA 30165",02GA4478A,single_base_code,connected_component_single_base_code,
"02CA1292_ARRIVE NUTRITION CENTER_2638 PLEASANT HILL ROAD, PLEASANT HILL, CA 94523",02CA1292,single_base_code,connected_component_single_base_code,
"02CA1292_ARRIVE NUTRITION CENTER_2627 PLEASANT HILL ROAD, PLEASANT HILL, CA 94523",02CA1292,single_base_code,connected_component_single_base_code,
"02OH2711_VITAMIN DEPOT     CW_620 SOUTH AVE, TALLMADGE, OH 44278",02OH2711,single_base_code,connected_component_single_base_code,
"02OH2711_VITAMIN DEPOT    CW_620 SOUTH AVE, TALLMADGE, OH 44278",02OH2711,single_base_code,connected_component_single_base_code,
"02NC6842_PLUM NATURAL WELLNESS   CW_213 OAK ST EXT, FOREST CITY, NC 28043",02NC6842,single_base_code,connected_component_single_base_code,
"02NC6842_PLUM NATURAL WELLNESS_213 OAK ST EXTENSION, FOREST CITY, NC 28043",02NC6842,single_base_code,connected_component_single_base_code,
"02VA9855_SUE'S SUPERNUTRITION_3060 S MAIN STREET, HARRISONBURG, VA 22801",02VA9855,single_base_code,connected_component_single_base_code,
"02VA9855_SUES SUPER NUTRITION_3060 S MAIN ST, HARRISONBURG, VA 22801",02VA9855,single_base_code,connected_component_single_base_code,
"02NC7777_THE APPLE CRATE_3983 SYCAMORE DAIRY RD, FAYETTEVILLE, NC 28303",02NC7777,single_base_code,connected_component_single_base_code,
"02NC7777_THE APPLE CRATE_2711 RAEFORD RD STE 110, FAYETTEVILLE, NC 28303",02NC7777,single_base_code,connected_component_single_base_code,
"02NC3202_HOUSE OF HEALTH_450 E. HANES MILL RD., WINSTON SALEM, NC 27105",02NC3202,single_base_code,connected_component_single_base_code,
"02NC3202_HOUSE OF HEALTH W/S_5952 UNIVERSITY PARKWAY, WINSTON-SALEM, NC 27105",02NC3202,single_base_code,connected_component_single_base_code,
"02NC3202_HOUSE OF HEALTH W/S_5952 UNIVERSITY PKWY, WINSTON-SALEM, NC 27105",02NC3202,single_base_code,connected_component_single_base_code,
"02NC3202_HOUSE OF HEALTH W/S_5952 University Parkway, WINSTON-SALEM, NC 27105",02NC3202,single_base_code,connected_component_single_base_code,
"02NC3202_HOUSE OF HEALTH_5952 UNIVERSITY PKWY STE C, WINSTON-SALEM, NC 27105",02NC3202,single_base_code,connected_component_single_base_code,
"02IL0940_JD MILLS HEALTH FOOD_635 CHICAGO AVE STE 4, EVANSTON, IL 60202",02IL0940,single_base_code,connected_component_single_base_code,
"02IL0940_JD MILLS            RE/CW@_635 CHICAGO AVENUE, EVANSTON, IL 60202",02IL0940,single_base_code,connected_component_single_base_code,
"02IL0940_JD MILLS_635 CHICAGO AVE  STE#4, EVANSTON, IL 60202",02IL0940,single_base_code,connected_component_single_base_code,
"02OH9505_VITAL CHOICE_9243 SPRAGUE RD, NORTH ROYALTON, OH 44133",02OH9505,single_base_code,connected_component_single_base_code,
"02OH9505_VITAL CHOICE_9243 SPRAGUE RD, N ROYALTON, OH 44133",02OH9505,single_base_code,connected_component_single_base_code,
"02OH9505_VITAL CHOICE_9243 SPRAGUE ROAD, NORTH ROYALTON, OH 44133",02OH9505,single_base_code,connected_component_single_base_code,
"02IL0120_NEW VITALITY HEALTH FD  CW_9564 W. 147th, ORLAND PARK, IL 60462",02IL0120,single_base_code,connected_component_single_base_code,
"02IL0120_NEW VITALITY HEALTH FD CW_9564 W 147TH ST, ORLAND PARK, IL 60462",02IL0120,single_base_code,connected_component_single_base_code,
"02IL0120_NEW VITALITY HEALTH_9564 W 147TH ST, ORLAND PARK, IL 60462",02IL0120,single_base_code,connected_component_single_base_code,
"02OH5505_COMFREY CORNER, INC_1145 PARK AVE WEST, MANSFIELD, OH 44906",02OH5505,single_base_code,connected_component_single_base_code,
"02OH5505_COMFREY CORNER INC._1145 PARK AVE W, MANSFIELD, OH 44906",02OH5505,single_base_code,connected_component_single_base_code,
"02OH5505_COMFREY CORNER, INC      @_1145 PARK AVENUE WEST, MANSFIELD, OH 44906",02OH5505,single_base_code,connected_component_single_base_code,
"02MI8191_ORGANIC FOOD AND VITAMINS_170 W 9 MILE RD, FERNDALE, MI 48220",02MI8191,single_base_code,connected_component_single_base_code,
"02MI8191_ORGANIC FOOD AND VITAMIN CTR_170 W 9 MILE RD, FERNDALE, MI 48220",02MI8191,single_base_code,connected_component_single_base_code,
"02MI8191_ORGANIC FOOD AND VITAMINS@_170 W 9 MILE RD, FERNDALE, MI 48220",02MI8191,single_base_code,connected_component_single_base_code,
"02MI9277_NATURES COUNTRY CUPBOARD_509 PHOENIX ST, SOUTH HAVEN, MI 49090",02MI9277,single_base_code,connected_component_single_base_code,
"02MI9277_NATURE'S COUNTRY CUPBRD CW_509 PHOENIX, SOUTH HAVEN, MI 49090",02MI9277,single_base_code,connected_component_single_base_code,
"02IL0610A_SUNSHINE HOUSE_420 W GALLATIN ST, VANDALIA, IL 62471",02IL0610A,single_base_code,connected_component_single_base_code,
"02IL0610A_SUNSHINE HOUSE_402 W GALLATIN ST, VANDALIA, IL 62471",02IL0610A,single_base_code,connected_component_single_base_code,
"02AL8458_APPLE A DAY HEALTH CTR_280 N 3RD STREET, GADSDEN, AL 35901",02AL8458,single_base_code,connected_component_single_base_code,
"02AL8458_APPLE A DAY_280 N 3RD STREET, GADSDEN, AL 35901",02AL8458,single_base_code,connected_component_single_base_code,
"02WI4219_NATURALLY YOURS     CW_710 GENEVA ST, LAKE GENEVA, WI 53147",02WI4219,single_base_code,connected_component_single_base_code,
"02WI4219_NATURALLY YOURS_710 GENEVA ST, LAKE GENEVA, WI 53147",02WI4219,single_base_code,connected_component_single_base_code,
"02WI4219_NATURALLY YOURS_710 GENEVA STREET, LAKE GENEVA, WI 53147",02WI4219,single_base_code,connected_component_single_base_code,
"02IL4532A_NATURE'S WAY NUTR CNTRCW_1212 W GALENA AVE, FREEPORT, IL 61032",02IL4532A,single_base_code,connected_component_single_base_code,
"02IL4532A_NATURE'S WAY NUTR CNTR CW_1212 W GALENA AVE, FREEPORT, IL 61032",02IL4532A,single_base_code,connected_component_single_base_code,
"02LA7050_NG VITAMIN COTTAGE LL-U156_1925 KALISTE SALOOM RD, LAFAYETTE, LA 70508",02LA7050,single_base_code,connected_component_single_base_code,
"02LA7050_NG VITAMIN COTTAGE LL U156_1925 KALISTE SALOOM RD, LAFAYETTE, LA 70508",02LA7050,single_base_code,connected_component_single_base_code,
"02LA0033A_BACK TO NATURE_2520 WARREN ROAD, INDIANA, PA 15701",02LA0033A,single_base_code,connected_component_single_base_code,
"02LA0033A_BACK TO NATURE_613 S 5TH ST, LEESVILLE, LA 71446",02LA0033A,single_base_code,connected_component_single_base_code,
"02AL0485_THE HEALTH HUT_680 SCHILLINGER RD S, MOBILE, AL 36695",02AL0485,single_base_code,connected_component_single_base_code,
"02AL0485_THE HEALTH HUT_680 S SHILLINGER RD, MOBILE, AL 36695",02AL0485,single_base_code,connected_component_single_base_code,
"02MI1600_PLUM MARKET WEST BLOOMFIELD_6565 ORCHARD LAKE ROAD, WEST BLOOMFIELD, MI 48322",02MI1600,single_base_code,connected_component_single_base_code,
"02MI1600_PLUM MARKET #3_6565 ORCHARD LAKE RD, WEST BLOOMFIELD, MI 48322",02MI1600,single_base_code,connected_component_single_base_code,
"02MI8171_GRAINS & GREENS_3641 BAY RD, SAGINAW, MI 48603",02MI8171,single_base_code,connected_component_single_base_code,
"02MI8171_GRAINS AND GREENS II     @_3641 BAY ROAD, SAGINAW, nan 48603-2429",02MI8171,single_base_code,connected_component_single_base_code,
"02MI8171_GRAINS AND GREENS II_3641 BAY ROAD, SAGINAW, MI 48603",02MI8171,single_base_code,connected_component_single_base_code,
"02MI8171_GRAINS AND GREENS_3641 BAY ROAD, SAGINAW, MI 48603",02MI8171,single_base_code,connected_component_single_base_code,
"02FL2818_A TO ZINC NUTRITION_12130 US HWY 19, HUDSON, FL 34667",02FL2818,single_base_code,connected_component_single_base_code,
"02FL2818_A TO ZINC NUTRITIONAL SHOP_12130 US HIGHWAY 19, HUDSON, FL 34667",02FL2818,single_base_code,connected_component_single_base_code,
"02IL6236_KANKAKEE NATURAL FOODS_1035 MULLIGAN DR #2, BRADLEY, IL 60915",02IL6236,single_base_code,connected_component_single_base_code,
"02IL6236_KANKAKEE NATURAL FOODS_1035 MULLIGAN DRIVE, BRADLEY, IL 60915",02IL6236,single_base_code,connected_component_single_base_code,
"02IN3709_GOOD EARTH NATURAL_6350 NORTH GUILFORD AVE, INDIANAPOLIS, IN 46220",02IN3709,single_base_code,connected_component_single_base_code,
"02IN3709_GOOD EARTH NAT FOOD STR_6350 GUILFORD AVE, INDIANAPOLIS, IN 46220",02IN3709,single_base_code,connected_component_single_base_code,
"02AL1160_WELLWAY WHOLE HEALTH SHOPPE_422 MARTIN ST. S, PELL CITY, AL 35128",02AL1160,single_base_code,connected_component_single_base_code,
"02AL1160_WELLWAY WHOLE HEALTH SHOPPE_422 MARTIN ST SOUTH, PELL CITY, AL 35128",02AL1160,single_base_code,connected_component_single_base_code,
"02MI8390_ZERBOS HEALTH SUPERMKT_34164 PLYMOUTH RD, LIVONIA, MI 48150",02MI8390,single_base_code,connected_component_single_base_code,
"02MI8390_ZERBOS HEALTH SUPERMKT_3000 E. West Maple Rd, Commerce, MI 48390",02MI8390,single_base_code,connected_component_single_base_code,
"02KS7562_HARVEST MOON NAT FDS_16579 W 151ST ST, OLATHE, KS 66062",02KS7562,single_base_code,connected_component_single_base_code,
"02KS7562_HARVEST MOON        OR/3P_16579 W 151ST STREET, OLATHE, KS 66062",02KS7562,single_base_code,connected_component_single_base_code,
"nan_EMPLOYEE SALES-VIRGINIA_23 JANIS WAY, SCOTTS VALLEY, CA 95066",nan,single_base_code,connected_component_single_base_code,
"nan_EMPLOYEE SALES-SANTA CRUZ_23 JANIS WAY, SCOTTS VALLEY, CA 95066",nan,single_base_code,connected_component_single_base_code,
"nan_EMPLOYEE SALES-SCOTTS VALLEY_23 JANIS WAY, SCOTTS VALLEY, CA 95066",nan,single_base_code,connected_component_single_base_code,
"02NE2401_NATURAL FOODS&SUPPLEMENTS_3704 2ND AVE, KEARNEY, NE 68845",02NE2401,single_base_code,connected_component_single_base_code,
"02NE2401_NATURAL FOODS & SUPPLEMENTS_3704 2ND AVE, KEARNEY, NE 68847-8102",02NE2401,single_base_code,connected_component_single_base_code,
"02NJ1021_NATURAL HEALTH MARKET_4414 82ND ST #103, LUBBOCK, TX 79424",02NJ1021,single_base_code,connected_component_single_base_code,
"02NJ1021_NATURAL HEALTH MARKET_2001 COLLEGE  DRIVE, CLEMENTON, NJ 08021",02NJ1021,single_base_code,connected_component_single_base_code,
"02NY1288A_BEACON NATURAL MARKET @_348 MAIN STREET, BEACON, NY 12508",02NY1288A,single_base_code,connected_component_single_base_code,
"02NY1288A_BEACON NATURAL MARKET_348 MAIN STREET, BEACON, NY 12508",02NY1288A,single_base_code,connected_component_single_base_code,
"02WI2122_HEALTH HUT_19035 W BLUEMOUND RD, BROOKFIELD, WI 53045",02WI2122,single_base_code,connected_component_single_base_code,
"02WI2122_HEALTH HUT - BROOKFIELD_19035 W BLUEMOUND RD, BROOKFIELD, WI 53005",02WI2122,single_base_code,connected_component_single_base_code,
"02OH7772_HEALTHY ALTERNATIVES MKTC_2235 N FAIRFIELD, DAYTON, OH 45431",02OH7772,single_base_code,connected_component_single_base_code,
"02OH7772_HEALTHY ALTERNATIVES MKTC_8258 N. MAIN ST., DAYTON, OH 45415",02OH7772,single_base_code,connected_component_single_base_code,
"02LA7079_VITAMINS PLUS #210_5819 E. KINGS HWY., SHREVEPORT, LA 71105",02LA7079,single_base_code,connected_component_single_base_code,
"02LA7079_VITAMINS PLUS #210_5819 E KINGS HWY, SHREVEPORT, LA 71105",02LA7079,single_base_code,connected_component_single_base_code,
"02ME0602_LOIS NATURAL MARKET_152 US RTE 1, SCARBOROUGH, ME 04074",02ME0602,single_base_code,connected_component_single_base_code,
"02ME0602_LOIS NATURAL MARKET_152 US RTE 1 #25, SCARBOROUGH, ME 04074",02ME0602,single_base_code,connected_component_single_base_code,
"02OH2202_MT. HOPE COUNTRY HEALTH STORE_8129 STATE ROUTE 241, MILLERSBURG, OH 44654",02OH2202,single_base_code,connected_component_single_base_code,
"02OH2202_MT. HOPE  COUNTRY STORE_8129 STATE ROUTE 241, MILLERSBURG, OH 44654",02OH2202,single_base_code,connected_component_single_base_code,
"09TX01400_ORGANIC EMPORIUM_2918 N LAURENT ST, VICTORIA, TX 77901-4141",09TX01400,single_base_code,connected_component_single_base_code,
"09TX01400_ORGANIC EMPORIUM_2918 N LAURENT ST, VICTORIA, TX 77901",09TX01400,single_base_code,connected_component_single_base_code,
"02CA0552_NATURAL CHOICE HEALTH FD_9027 RIVERA RD, PICO RIVERA, CA 90660",02CA0552,single_base_code,connected_component_single_base_code,
"02CA0552_NATURAL CHOICE HEALTH FOODS_9027 Rivera RD, PICO RIVERA, CA 90660",02CA0552,single_base_code,connected_component_single_base_code,
"02OR7261_SALEM HEALTH FOOD STORE_1627 MT HOOD AVE, WOODBURN, OR 97071",02OR7261,single_base_code,connected_component_single_base_code,
"02OR7261_SALEM HEALTH FOODS #3_1627 MOUNT HOOD, WOODBURN, OR 97071",02OR7261,single_base_code,connected_component_single_base_code,
"02CT8128_THYME & SEASON_3040 WHITNEY AVENUE, HAMDEN, CT 6518",02CT8128,single_base_code,connected_component_single_base_code,
"02CT8128_THYME & SEASON       CW_3040 WHITNEY AVE, HAMDEN, CT 6518",02CT8128,single_base_code,connected_component_single_base_code,
"02CT8128_THYME AND SEASON_3040 WHITNEY AVE, HAMDEN, CT 06518",02CT8128,single_base_code,connected_component_single_base_code,
"nan_HEALTH MATTERS_nan, nan, nan nan",nan,single_base_code,connected_component_single_base_code,
"nan_HEALTH MATTERS_900 W MAIN STREET, WASHINGTONVILLE, OH 44490",nan,single_base_code,connected_component_single_base_code,
"02TN1148_COLUMBIA HEALTH FOODS_106 WEST 7TH, COLUMBIA, TN 38401",02TN1148,single_base_code,connected_component_single_base_code,
"02TN1148_COLUMBIA HEALTH FOODS_106 W. 7TH STREET, COLUMBIA, TN 38401",02TN1148,single_base_code,connected_component_single_base_code,
"02TN6682_NUTRA-HEALTH          CW_1105 NASHVILLE HWY., LEWISBURG, TN 37091",02TN6682,single_base_code,connected_component_single_base_code,
"02TN6682_NUTRA HEALTH_1105 NASHVILLE HWY, LEWISBURG, TN 37091",02TN6682,single_base_code,connected_component_single_base_code,
"02TN6682_NUTRA-HEALTH_1105 NASHVILLE HWY, LEWISBURG, TN 37901",02TN6682,single_base_code,connected_component_single_base_code,
"02AR6800_VILLAGE NUTRITION_3925 NORTH HWY 7, STE C, HOTSPRING VILL., AR 71909",02AR6800,single_base_code,connected_component_single_base_code,
"02AR6800_VILLAGE NUTRITION INC._3925 N HWY 7 STE C, HOT SPRINGS VILLAGE, AR 71909",02AR6800,single_base_code,connected_component_single_base_code,
"02AR6800_VILLAGE NUTRITION_3925 N HIGHWAY 7, HOT SPRINGS VILLAGE, AR 71909",02AR6800,single_base_code,connected_component_single_base_code,
"02NC7325_MORGANTON NATURAL FOODS_306 S STERLING ST., MORGANTON, NC 28655",02NC7325,single_base_code,connected_component_single_base_code,
"02NC7325_MORGANTON NATURAL FOODS_306 S STERLING ST, MORGANTON, NC 28655",02NC7325,single_base_code,connected_component_single_base_code,
"02NC7325_MORGANTON NATURAL FOODS_306 SOUTH STERLING STREET, MORGANTOWN, NC 28655",02NC7325,single_base_code,connected_component_single_base_code,
"02CA0027_LASSENS 09-LF_2080 HILLHURST AVE, LOS ANGELES, CA 90027",02CA0027,single_base_code,connected_component_single_base_code,
"02CA0027_LASSENS LOS FELIZ_2080 HILLHURST AVE., LOS ANGELES, CA 90027",02CA0027,single_base_code,connected_component_single_base_code,
"02NM5054_NG VITAMIN COTTAGE LO-U162_1501 TRINITY DR, LOS ALAMOS, NM 87544",02NM5054,single_base_code,connected_component_single_base_code,
"02NM5054_NG VITAMIN COTTAGE LO U162_1501 TRINITY DR, LOS ALAMOS, NM 87544",02NM5054,single_base_code,connected_component_single_base_code,
"02TX1482_RHONDAS NATURES WAY #2_8059 CALLAGHAN DR, SAN ANTONIO, TX 78230",02TX1482,single_base_code,connected_component_single_base_code,
"02TX1482_RHONDA'S NATURE'S WAY_8059 CALLAGHAN RD, SAN ANTONIO, TX 78230",02TX1482,single_base_code,connected_component_single_base_code,
"02IL3533_NEIGHBORHOOD CO-OP CG/CW_1815 W. MAIN ST, CARBONDALE, IL 62901",02IL3533,single_base_code,connected_component_single_base_code,
"02IL3533_NEIGHBORHOOD COOP_1815 W MAIN ST, CARBONDALE, IL 62901",02IL3533,single_base_code,connected_component_single_base_code,
"02MO0909_SUZANNE'S NATURAL FOODS_3106 CONNECTICUT AVE, JOPLIN, MO 64804",02MO0909,single_base_code,connected_component_single_base_code,
"02MO0909_SUZANNE'S NATURAL FOODS  @_3106 S. CONNECTICUT AVE., JOPLIN, MO 64804",02MO0909,single_base_code,connected_component_single_base_code,
"02MO0909_SUZANNES NATURAL FOODS_3106 S CONNECTICUT AVE, JOPLIN, MO 64804",02MO0909,single_base_code,connected_component_single_base_code,
"02NC8602_DR. HERBS NATURAL FD STR_1920 HWY 70 WEST       CW, HICKORY, NC 28602",02NC8602,single_base_code,connected_component_single_base_code,
"02NC8602_DR. HERB'S NATURAL FOOD STORE_1920 HWY 70 SW, HICKORY, NC 28602",02NC8602,single_base_code,connected_component_single_base_code,
"02AZ8182_HERBS HERB 1_2026 MC CULLOCH BLVD #C, LAKE HAVASU CTY, AZ 86403",02AZ8182,single_base_code,connected_component_single_base_code,
"02AZ8182_HERB'S HERBS_2026 McCULLOCH BLVD.N., LAKE HAVASU CITY, AZ 86403",02AZ8182,single_base_code,connected_component_single_base_code,
"02NY0460_GREENBAY ESSENTIALS_3208 BROADWAY, ASTORIA, NY 11106",02NY0460,single_base_code,connected_component_single_base_code,
"02NY0460_GREENBAY ESSENTIALS_32-08 BROADWAY, ASTORIA, NY 11106",02NY0460,single_base_code,connected_component_single_base_code,
"02SC9204_THE HEALTHY FOOD STORE_2051 ELIJAH LUDD RD STE 3, FLORENCE, SC 29501-3942",02SC9204,single_base_code,connected_component_single_base_code,
"02SC9204_THE HEALTHY FOOD STORE INC_2051 ELIJAH LUDD RD STE 3, FLORENCE, SC 29501",02SC9204,single_base_code,connected_component_single_base_code,
"02NY4627_TONY'S COUNTRY LIFE FOOD_1316 FULTON ST, BROOKLYN, NY 11216",02NY4627,single_base_code,connected_component_single_base_code,
"02NY4627_TONYS COUNTRY LIFE FOOD_1316 FULTON STREET, BROOKLYN, NY 11216",02NY4627,single_base_code,connected_component_single_base_code,
"nan_S.E. HEALTH PRODUCTS   CW_nan, nan, nan nan",nan,single_base_code,connected_component_single_base_code,
"nan_S.E. HEALTH PRODUCTS   CW_25648 157TH STREET, MONTICELLO, MO 63457",nan,single_base_code,connected_component_single_base_code,
"02IN2413A_WARSAW HEALTH FOODS     CW_1228 E. CENTER, WARSAW, IN 46580",02IN2413A,single_base_code,connected_component_single_base_code,
"02IN2413A_WARSAW HEALTH FOODS_1228 E CENTER ST, WARSAW, IN 46580",02IN2413A,single_base_code,connected_component_single_base_code,
"02CO0601_NG VITAMIN COTTAGE BR U170_903 S 8TH AVE, BRIGHTON, CO 80601",02CO0601,single_base_code,connected_component_single_base_code,
"02CO0601_NG VITAMIN COTTAGE BR #U170_903 S 8TH AVE, BRIGHTON, CO 80601",02CO0601,single_base_code,connected_component_single_base_code,
"02IA7152_NG VITAMIN COTTAGE DQ-U153_3333 ASBURY ROAD, DUBUQUE, IA 52002",02IA7152,single_base_code,connected_component_single_base_code,
"02IA7152_NG VITAMIN COTTAGE DQ U153_3333 ASBURY ROAD, DUBUQUE, IA 52002",02IA7152,single_base_code,connected_component_single_base_code,
"02ND4200_NEW WAY HEALTH STORE_208 W MAIN ST PO BOX #233, BEULAH, ND 58523",02ND4200,single_base_code,connected_component_single_base_code,
"02ND4200_NEW WAY HEALTH STORE_208 W MAIN ST, BEULAH, ND 58523",02ND4200,single_base_code,connected_component_single_base_code,
"02FL21962_ST CLOUD HEALTH FOODS  CW_4042 13th Street, Saint Cloud, FL 34769",02FL21962,single_base_code,connected_component_single_base_code,
"02FL21962_ST CLOUD HEALTH FOODS_4042 13TH ST, ST CLOUD, FL 34769",02FL21962,single_base_code,connected_component_single_base_code,
"02FL21962_ST. CLOUD HEALTH FOOD_4042 13TH ST, SAINT CLOUD, FL 34769-6774",02FL21962,single_base_code,connected_component_single_base_code,
"02AR0292_UNIQUE SKIN      CW_203 A FRANKLIN ST, HOT SPRINGS, AR 71913",02AR0292,single_base_code,connected_component_single_base_code,
"02AR0292_UNIQUE SKIN      CW      @_203 A FRANKLIN ST, HOT SPRINGS, AR 71913",02AR0292,single_base_code,connected_component_single_base_code,
"02WA9006_UNICORN MERCANTILE_PO BOX 1271, DEER PARK, WA 99006",02WA9006,single_base_code,connected_component_single_base_code,
"02WA9006_UNICORN MERCANTILE_4521 GARDENSPOT RD, CLAYTON, WA 99110",02WA9006,single_base_code,connected_component_single_base_code,
"02NY0136_DOWNTOWN NATURAL MARKET_84-01 37TH AVE, JACKSON HEIGHTS, NY 11372",02NY0136,single_base_code,connected_component_single_base_code,
"02NY0136_DOWNTOWN NATURAL MARKET 3_8401 37TH AVE, JACKSON HEIGHTS, NY 11372-7338",02NY0136,single_base_code,connected_component_single_base_code,
"02NM3291_HEALTHY CHOICES_205 W CHURCH ST, CARLSBAD, NM 88220",02NM3291,single_base_code,connected_component_single_base_code,
"02NM3291_HEALTHY CHOICES        CW_205 W. CHURCH STREET, CARLSBAD, NM 88220",02NM3291,single_base_code,connected_component_single_base_code,
"02ID7044_VIG'S HEALTH FOOD STORE_922 16TH AVE., LEWISTON, ID 83501",02ID7044,single_base_code,connected_component_single_base_code,
"02ID7044_VIGS PRODUCE AND HF STRE_922 16TH AVE, LEWISTON, ID 83501",02ID7044,single_base_code,connected_component_single_base_code,
"02NE0869_NATURAL FOOD PRODUCTS INC._707 W. STATE STREET, GRAND ISLAND, NE 68801",02NE0869,single_base_code,connected_component_single_base_code,
"02NE0869_NATURAL FD PRODUCTS INC_707 W STATE ST, GRAND ISLAND, NE 68801",02NE0869,single_base_code,connected_component_single_base_code,
"02GA8844_GOOD NUTRITION-NORCROSS_2640 BEAVER RUIN RD UNIT C, NORCROSS, GA 30071",02GA8844,single_base_code,connected_component_single_base_code,
"02GA8844_GOOD NUTRITION-NORCROSS  @_2640 C BEAVER RUIN ROAD, NORCROSS, GA 30071",02GA8844,single_base_code,connected_component_single_base_code,
"02OR2226_DAILY ENERGY_130 FERRY ST. SW, ALBANY, OR 97321",02OR2226,single_base_code,connected_component_single_base_code,
"02OR2226_DAILY ENERGY_130 FERRY ST SW, ALBANY, OR 97321",02OR2226,single_base_code,connected_component_single_base_code,
"02WI9791_VITAMIN SOURCE_231 WALNUT ST, SPOONER, WI 54801",02WI9791,single_base_code,connected_component_single_base_code,
"02WI9791_VITAMIN SOURCE     @  CW_231 WALNUT ST, SPOONER, WI 54801",02WI9791,single_base_code,connected_component_single_base_code,
"02IL4664_MURPHY'S HEALTH FOODS_400 N. MILWAUKEE AVE., LIBERTYVILLE, IL 60048",02IL4664,single_base_code,connected_component_single_base_code,
"02IL4664_MURPHY'S HEALTH FOODS   CW_400 N. MILWAUKEE AVENUE, LIBERTYVILLE, IL 60048",02IL4664,single_base_code,connected_component_single_base_code,
"02IL4664_MURPHYS HEALTH FOOD_400 N MILWAUKEE AVE, LIBERTYVILLE, IL 60048",02IL4664,single_base_code,connected_component_single_base_code,
"02MT5054_THIRD STREET MARKET_120 3RD ST W, PARK RAPIDS, MN 56470",02MT5054,single_base_code,connected_component_single_base_code,
"02MT5054_THIRD STREET MARKET_244 SPOKANE AVE, WHITEFISH, MT 59937",02MT5054,single_base_code,connected_component_single_base_code,
"02VA6711_GOOD FOODS GROCERY #1_3062 STONY POINT ROAD, RICHMOND, VA 23235",02VA6711,single_base_code,connected_component_single_base_code,
"02VA6711_GOOD FOODS GROCERY     CW_3062 STONY POINT RD, RICHMOND, VA 23235",02VA6711,single_base_code,connected_component_single_base_code,
"02CA9287_LASSENS 07-SV_2955 COCHRAN ST STE A4, SIMI VALLEY, CA 93065",02CA9287,single_base_code,connected_component_single_base_code,
"02CA9287_LASSENS SIMI VALLEY_2955 COCHRAN ST, SIMI VALLEY, CA 93065-2791",02CA9287,single_base_code,connected_component_single_base_code,
"02OR4251_WYNANT'S FAMILY HEALTH FOODS_722 SOUTH A STREET, SPRINGFIELD, OR 97477",02OR4251,single_base_code,connected_component_single_base_code,
"02OR4251_WYNANTS_722 SOUTH A STREET, SPRINGFIELD, OR 97477",02OR4251,single_base_code,connected_component_single_base_code,
"02OK8609_BILLIE'S HEALTH FOOD CENTER_313 S OSAGE AVE, BARTLESVILLE, OK 74003-3523",02OK8609,single_base_code,connected_component_single_base_code,
"02OK8609_BILLIES HEALTH FOOD CTR_313 SE OSAGE STREET, BARTLESVILLE, OK 74003",02OK8609,single_base_code,connected_component_single_base_code,
"02MN4066A_GREAT HEALTH NUTRITION  CW_1360 UNIVERSITY AVE, ST PAUL, MN 55104",02MN4066A,single_base_code,connected_component_single_base_code,
"02MN4066A_GREAT HEALTH NUTRITION -SP_1360 UNIVERSITY AVE, ST PAUL, MN 55104",02MN4066A,single_base_code,connected_component_single_base_code,
"02TN1110_APPLE TREE NATURAL FOODS_729 LOUISVILLE RD, ALCOA, TN 37701",02TN1110,single_base_code,connected_component_single_base_code,
"02TN1110_APPLE TREE NATURAL FDS_729 LOUISVILLE RD, ALCOA, TN 37701",02TN1110,single_base_code,connected_component_single_base_code,
"02MI0047_DALE'S NATURAL FOODS CW_4290 MILLER ROAD, FLINT, MI 48507",02MI0047,single_base_code,connected_component_single_base_code,
"02MI0047_DALES NATURAL FOOD_4290 MILLER ROAD, FLINT, MI 48507",02MI0047,single_base_code,connected_component_single_base_code,
"02SD9099_MAIN STREET MARKET_333 OMAHA STREET, RAPID CITY, SD 57701",02SD9099,single_base_code,connected_component_single_base_code,
"02SD9099_MAIN STREET MARKET_333 OMAHA ST STE#2, RAPID CITY, SD 57701",02SD9099,single_base_code,connected_component_single_base_code,
"02OK1212_SOONER NUTRITION       CW@_428 W. CHOCTAW AVE., CHACKASHA, OK 73018",02OK1212,single_base_code,connected_component_single_base_code,
"02OK1212_SOONER NUTRITION_428 W. CHOCTAW AVE., CHACKASHA, OK 73018",02OK1212,single_base_code,connected_component_single_base_code,
"02WI0252_PINE LINE HEALTH LLC_N 32955 SCHANSBERG RD, BLAIR, WI 54616",02WI0252,single_base_code,connected_component_single_base_code,
"02WI0252_PINE LINE HEALTH LLC_N32955 SCHANSBERG RD, BLAIR, WI 54616",02WI0252,single_base_code,connected_component_single_base_code,
"02FL4690_SPROUTS FARMERS MKT #651_12500 LAKE UNDERHILL RD, ORLANDO, FL 32828",02FL4690,single_base_code,connected_component_single_base_code,
"02FL4690_SPROUTS FARMERS MKT #0651_12500 LAKE UNDERHILL RD, ORLANDO, FL 32828",02FL4690,single_base_code,connected_component_single_base_code,
"02OH8108_HSU & CO -EAST #2_6101 MCNAUGHTEN CENTER, COLUMBUS, OH 43232",02OH8108,single_base_code,connected_component_single_base_code,
"02OH8108_HSU AND COMPANY #2_6101 MCNAUGHTEN CENTER, COLUMBUS, OH 43232",02OH8108,single_base_code,connected_component_single_base_code,
"02NJ8316_HEALTH TREE_240 S WHITE HORSE PIKE STE C-7, HAMMONTON, NJ 08037",02NJ8316,single_base_code,connected_component_single_base_code,
"02NJ8316_THE HEALTH TREE_240 S. WHITE HORSE PIKE, HAMMONTON, NJ 8037",02NJ8316,single_base_code,connected_component_single_base_code,
"02MO1050_HEALTHY SHOPPER_139 CONCORD PLAZA SHOPPING CTR, SAINT LOUIS, MO 63128",02MO1050,single_base_code,connected_component_single_base_code,
"02MO1050_HEALTHY SHOPPER_139 CONCORD PLAZA, ST LOUIS, MO 63128",02MO1050,single_base_code,connected_component_single_base_code,
"02OK1130_DKS NUTRITION_1413 ARLINGTON ST, ADA, OK 74820",02OK1130,single_base_code,connected_component_single_base_code,
"02OK1130_DK'S NUTRITION CENTER CW @_1413 ARLINGTON, ADA, OK 74820-2883",02OK1130,single_base_code,connected_component_single_base_code,
"02OK1130_DK'S NUTRITION CENTER CW_1413 ARLINGTON ST, ADA, OK 74820",02OK1130,single_base_code,connected_component_single_base_code,
"02TX6144_GREAT EARTH VITAMINS_1011B NW HWY, GARLAND, TX 75041",02TX6144,single_base_code,connected_component_single_base_code,
"02TX6144_GREAT EARTH VITAMINS_1011B NW Hwy, Garland, TX 75041",02TX6144,single_base_code,connected_component_single_base_code,
"02TX7759_MAJOR HEALTH FOODS_1001 SOUTH 10TH STREET, MC ALLEN, TX 78501",02TX7759,single_base_code,connected_component_single_base_code,
"02TX7759_MAJOR HEALTH FOODS_1001 S 10TH ST, MCALLEN, TX 78501",02TX7759,single_base_code,connected_component_single_base_code,
"02MI0048_SIMPLY NATURAL HEALTH FDS_5625 DIXIE HIGHWAY, WATERFORD, MI 48329",02MI0048,single_base_code,connected_component_single_base_code,
"02MI0048_SIMPLY NATURAL HEALTH FOODS, INC._5625 DIXIE HWY, WATERFORD, MI 48329",02MI0048,single_base_code,connected_component_single_base_code,
"02NM0710_SPROUTS FARMERS KT #710_3575 NM HIGHWAY 528 NE BUILDING C, RIO RANCHO, NM 87144",02NM0710,single_base_code,connected_component_single_base_code,
"02NM0710_SPROUTS FARMERS MKT #710_3575 NM HIGHWAY 528 NE BUILDING C, RIO RANCHO, NM 87144",02NM0710,single_base_code,connected_component_single_base_code,
"02ME8700_HARVEST TIME NATURAL FOODS_171 CAPITOL STREET, AUGUSTA, ME 4330",02ME8700,single_base_code,connected_component_single_base_code,
"02ME8700_HARVEST TIME NAT FOODS_171 CAPITOL ST, AUGUSTA, ME 04330",02ME8700,single_base_code,connected_component_single_base_code,
"02ME8700_HARVEST TIME NATURAL FDS_171 CAPITOL ST., AUGUSTA, ME 4330",02ME8700,single_base_code,connected_component_single_base_code,
"02OH0556_LITTLE SHOP OF HEALTH  CW_2810 MAPLE AVENUE #C, ZANESVILLE, OH 43701",02OH0556,single_base_code,connected_component_single_base_code,
"02OH0556_LITTLE SHOP OF HEALTH_2810 MAPLE AVENUE #C, ZANESVILLE, OH 43701",02OH0556,single_base_code,connected_component_single_base_code,
"02IA9405_HEALTHY CONNECTION_314A AVE EAST, OSKALOOSA, IA 52577",02IA9405,single_base_code,connected_component_single_base_code,
"02IA9405_HEALTHY CONNECTION     CW_314A AVE EAST, OSKALOOSA, IA 52577",02IA9405,single_base_code,connected_component_single_base_code,
"02TN0230_NATURAL ENERGY NUTRITION @_752 S CHARLES G SEIVERS, CLINTON, TN 37716",02TN0230,single_base_code,connected_component_single_base_code,
"02TN0230_NATURAL ENERGY NTR CTR_752 S CHARLES G SEIVERS, CLINTON, TN 37716",02TN0230,single_base_code,connected_component_single_base_code,
"02TX1371_ABNERS NUTRITION CTR_2327 KELL BLVD STE 100, WICHITA FALLS, TX 76308",02TX1371,single_base_code,connected_component_single_base_code,
"02TX1371_ABNERS NUTRITIONAL CENTER_2327 KELL BLVD, WICHITA FALLS, TX 76308",02TX1371,single_base_code,connected_component_single_base_code,
"02WI8543_TOTAL HEALTH NUTRI CNT-MF_N82W15485 APPLETON AVE, MENOMONEE FALLS, WI 53051",02WI8543,single_base_code,connected_component_single_base_code,
"02WI8543_TOTAL HEALTH NUTRIT CTR_N82 W 15485 APPLETON AVE, MENOMONEE FALLS, WI 53051",02WI8543,single_base_code,connected_component_single_base_code,
"02SC9286_HERBAL SOLUTIONS_722 SILVER BLUFF RD, AIKEN, SC 29803",02SC9286,single_base_code,connected_component_single_base_code,
"02SC9286_HERBAL SOLUTIONS_722 SILVER BLUFF ROAD, AIKEN, SC 29803",02SC9286,single_base_code,connected_component_single_base_code,
"02WI9205_HEALTHY HORIZONS_586 REDBIRD CIRCLE, DE PERE, WI 54115",02WI9205,single_base_code,connected_component_single_base_code,
"02WI9205_HEALTHY HORIZONS, INC    @_586 REDBIRD CIRCLE, DE PERE, WI 54115",02WI9205,single_base_code,connected_component_single_base_code,
"02OH0008_HEALTH MATTERS_900 WEST MAIN STREET, WASHINGTONVILLE, OH 44490",02OH0008,single_base_code,connected_component_single_base_code,
"02OH0008_HEALTH MATTERS_900 WEST MAIN ST., WASHINGTONVILLE, OH 44490",02OH0008,single_base_code,connected_component_single_base_code,
"02AL0307_HONEY AND SPICE_1251 GRAYSON VALLEY PKWY, BIRMINGHAM, AL 35235",02AL0307,single_base_code,connected_component_single_base_code,
"02AL0307_HONEY & SPICE_1251 GRAYSON VALLEY PKWY, BIRMINGHAM, AL 35235",02AL0307,single_base_code,connected_component_single_base_code,
"02ME2646_THE NATURAL LIVING CTR_209 LONGVIEW DR., BANGOR, ME 04401",02ME2646,single_base_code,connected_component_single_base_code,
"02ME2646_NATURAL LIVING CENTER_209 LONGVIEW DRIVE, BANGOR, ME 4401",02ME2646,single_base_code,connected_component_single_base_code,
"02IN2335_NATURE'S CUPBOARD-MICHIGAN CTY_340 DUNES PLAZA, MICHIGAN CITY, IN 46360",02IN2335,single_base_code,connected_component_single_base_code,
"02IN2335_NATURES CUPBOARD_340 DUNES PLAZA, MICHIGAN CITY, IN 46360",02IN2335,single_base_code,connected_component_single_base_code,
"02IN1050A_BAUMS NATURAL FOODS_2130 45TH STREET, HIGHLAND, IN 46322",02IN1050A,single_base_code,connected_component_single_base_code,
"02IN1050A_BAUMS NATURAL FOODS_2130 45TH ST., HIGHLAND, IN 46322",02IN1050A,single_base_code,connected_component_single_base_code,
"02NE5666_MOTHER NATURES EMPORIUM_2707 13TH STREET, COLUMBUS, NE 68601",02NE5666,single_base_code,connected_component_single_base_code,
"02NE5666_MOTHER NATURE'S EMPORIUM_2707 13TH STREET, COLUMBUS, NE 68601",02NE5666,single_base_code,connected_component_single_base_code,
"02WI3120_FAMILY NATURAL HEALTH_910 W GRAND AVENUE, WISC RAPIDS, WI 54495",02WI3120,single_base_code,connected_component_single_base_code,
"02WI3120_FAMILY NATURAL HEALTH_910 W GRAND AVE, WISC RAPIDS, WI 54495",02WI3120,single_base_code,connected_component_single_base_code,
"02MO9889_JC HEALTH FOOD SERVICES_1406A MISSOURI BLVD, JEFFERSON CITY, MO 65109",02MO9889,single_base_code,connected_component_single_base_code,
"02MO9889_J.C. HEALTH FOOD SERVICES_1406 MISSOURI BLVD, JEFFERSON CITY, MO 65109",02MO9889,single_base_code,connected_component_single_base_code,
"02IN1646_NOOK OF RICHMOND_1601 CHESTER BLVD, RICHMOND, IN 47374",02IN1646,single_base_code,connected_component_single_base_code,
"02IN1646_NOOK OF RICHMOND       CW_1601 CHESTER BLVD., RICHMOND, IN 47374",02IN1646,single_base_code,connected_component_single_base_code,
"02OH08000_HEALTHY ALTERNATIVES_8258 N MAIN STREET, DAYTON, OH 45415",02OH08000,single_base_code,connected_component_single_base_code,
"02OH08000_HEALTHY ALTERNATIVE DAYTON_8258 N. MAIN ST., DAYTON, OH 45415",02OH08000,single_base_code,connected_component_single_base_code,
"02OH08000_HEALTHY ALTERNATIVE_8258 N. MAIN ST., DAYTON, OH 45415",02OH08000,single_base_code,connected_component_single_base_code,
"02AL0042_GNC #6543_2199 TIGERTOWN PARKWAY, OPELIKA, AL 36801",02AL0042,single_base_code,connected_component_single_base_code,
"02AL0042_GNC #6543_2199 TIGERTOWN PKWY, OPELIKA, AL 36801",02AL0042,single_base_code,connected_component_single_base_code,
"09TX18900_ROCKWALL HEALING  CW_2455 RIDGE RD SUITE 151, ROCKWALL, TX 75087",09TX18900,single_base_code,connected_component_single_base_code,
"09TX18900_ROCKWALL COMPLETE SPA_2455 RIDGE RD STE 151, ROCKWALL, TX 75087",09TX18900,single_base_code,connected_component_single_base_code,
"02WI3811_HEALTH HUT_325 BAY VIEW RD, MUKWONAGO, WI 53149",02WI3811,single_base_code,connected_component_single_base_code,
"02WI3811_HEALTH HUT - MUKWONAGO_325 BAYVIEW RD., MUKWONAGO, WI 53149",02WI3811,single_base_code,connected_component_single_base_code,
"02AL3952_VIRGINIAS HEALTH FOODS_3055 A DAUPHIN ST, MOBILE, AL 36606",02AL3952,single_base_code,connected_component_single_base_code,
"02AL3952_VIRGINIAS HEALTH FOODS_3055A DAUPHIN ST, MOBILE, AL 36606",02AL3952,single_base_code,connected_component_single_base_code,
"02MN4066_GREAT HEALTH NUTRITION   @_5192 CENTRAL AVE N. E., COLUMBIA HEIGHT, MN 55421",02MN4066,single_base_code,connected_component_single_base_code,
"02MN4066_GREAT HEALTH NUTRITION -CH_5192 CENTRAL AVE N. E., COLUMBIA HEIGHT, MN 55421",02MN4066,single_base_code,connected_component_single_base_code,
"02MO7860_FOODS FOR HEALTH_105 NORTH BISHOP, ROLLA, MO 65401",02MO7860,single_base_code,connected_component_single_base_code,
"02MO7860_FOODS FOR HEALTH_105 N. BISHOP AVE, ROLLA, MO 65401",02MO7860,single_base_code,connected_component_single_base_code,
"02OH2878_KENT NATURAL FOOD COOP_151 E MAIN ST, KENT, OH 44240",02OH2878,single_base_code,connected_component_single_base_code,
"02OH2878_KENT NATURAL FOODS_151 EAST MAIN STREET, KENT, OH 44240",02OH2878,single_base_code,connected_component_single_base_code,
"02NJ3353_HEALTH MATTERS          CW_519 ARNOLD AVENUE, POINT PLEASANT BEACH, NJ 08742",02NJ3353,single_base_code,connected_component_single_base_code,
"02NJ3353_HEALTH MATTERS FDS AND VITS_519 ARNOLD AVE, PT.PLEASANT BCH, NJ 08742",02NJ3353,single_base_code,connected_component_single_base_code,
"02FL3447A_EARTH FARE #562_P O BOX 16947, ASHEVILLE, NC 28816",02FL3447A,single_base_code,connected_component_single_base_code,
"02FL3447A_EARTH ARE #562_P O BOX 16947, ASHEVILLE, NC 28816",02FL3447A,single_base_code,connected_component_single_base_code,
"02OH5151_DOWN TO EARTH NAT FOODS_104 W GANBIER ST, MOUNT VERNON, OH 43050",02OH5151,single_base_code,connected_component_single_base_code,
"02OH5151_DOWN TO EARTH NATURAL FOODS_104 W GAMBIER ST, MT VERNON, OH 43050-2422",02OH5151,single_base_code,connected_component_single_base_code,
"02FL3663A_HEALTHY LIVING 4U_179 S LAWRENCE BLVD, KEYSTONE HTS, FL 32656",02FL3663A,single_base_code,connected_component_single_base_code,
"02FL3663A_HEALTHY LIVING_179 S. LAWRENCE BLVD., KEYSTONE HGHTS, FL 32656",02FL3663A,single_base_code,connected_component_single_base_code,
"02LA8446_FIESTA NUTRITION CENTER_1211 N 18TH ST, MONROE, LA 71201",02LA8446,single_base_code,connected_component_single_base_code,
"02LA8446_FIESTA NUTRITION CENTER_1211 N.18TH ST., MONROE, LA 71201",02LA8446,single_base_code,connected_component_single_base_code,
"02TX6093_NATURE'S TOUCH_2805 SOUTHWEST BLVD., SAN ANGELO, TX 76904",02TX6093,single_base_code,connected_component_single_base_code,
"02TX6093_NATURES TOUCH_2805 SOUTHWEST BLVD, SAN ANGELO, TX 76904",02TX6093,single_base_code,connected_component_single_base_code,
"02ID7600_WEALTH OF HEALTH_120 S WOODRUFF AVENUE, IDAHO FALLS, ID 83401",02ID7600,single_base_code,connected_component_single_base_code,
"02ID7600_WEALTH OF HEALTH_120 S WOODRUFF AVE, IDAHO FALLS, ID 83401",02ID7600,single_base_code,connected_component_single_base_code,
"02MI0568_WALT'S HEALTH FOODS_102 W MICHIGAN AVE, JACKSON, MI 49201",02MI0568,single_base_code,connected_component_single_base_code,
"02MI0568_WALT'S HEALTH FOOD_102 W. MICHIGAN AVE., JACKSON, MI 49201",02MI0568,single_base_code,connected_component_single_base_code,
"02MI0568_WALTS HEALTH FOOD & SPECIALTY SHOP_102 W MICHIGAN AVENUE, JACKSON, MI 49201",02MI0568,single_base_code,connected_component_single_base_code,
"02OK0877_MARTHA'S HEALTH FD & HRBS_215 W KENOSHA ST       CW, BROKEN ARROW, OK 74012",02OK0877,single_base_code,connected_component_single_base_code,
"02OK0877_MARTHA'S HEALTH FD & HRBS_215 WEST KENOSHA STREET, BROKEN ARROW, OK 74012",02OK0877,single_base_code,connected_component_single_base_code,
"02OH0190_COMFREY CORNER-STERKEL_625 LEXINGTON AVE STE#5, MANSFIELD, OH 44907",02OH0190,single_base_code,connected_component_single_base_code,
"02OH0190_COMFREY CORNER_625 LEXINGTON AVE, MANSFIELD, OH 44907",02OH0190,single_base_code,connected_component_single_base_code,
"02CA6789A_BJ'S HEALTH FOODS   FRASH_12125 BALSAM RD, VICTORVILLE, CA 92395",02CA6789A,single_base_code,connected_component_single_base_code,
"02CA6789A_BJS HEALTH FOODS_12125 BALSAM RD, VICTORVILLE, CA 92395",02CA6789A,single_base_code,connected_component_single_base_code,
"02MI3144_ZERBOS MARKET-COMMERCE_3000 E WEST MAPLE RD, COMMERCE TWP, MI 48390",02MI3144,single_base_code,connected_component_single_base_code,
"02MI3144_ZERBOS MARKET-COMMERCE_34164 PLYMOUTH, LIVONIA, MI 48150",02MI3144,single_base_code,connected_component_single_base_code,
"02OH6506_BASSETT'S MARKET    CW  @_3994 E. HARBOR ROAD, PORT CLINTON, OH 43452",02OH6506,single_base_code,connected_component_single_base_code,
"02OH6506_BASSETT'S MARKET    CW_3994 E. HARBOR ROAD, PORT CLINTON, OH 43452",02OH6506,single_base_code,connected_component_single_base_code,
"02CO3325_NG VITAMIN COTTAGE CT U169_3165 N CENTRAL PARK BLVD, DENVER, CO 80238",02CO3325,single_base_code,connected_component_single_base_code,
"02CO3325_NG VITAMIN COTTAGE CT #U169_3165 N CENTRAL PARK BLVD, DENVER, CO 80238",02CO3325,single_base_code,connected_component_single_base_code,
"02AZ7849_SPROUTS FARMERS MKT #010_1668 N HIGLEY ROAD, GILBERT, AZ 85234",02AZ7849,single_base_code,connected_component_single_base_code,
"02AZ7849_SPROUTS FARMERS MKT #010_5225 E SOUTHERN AVE, MESA, AZ 85206",02AZ7849,single_base_code,connected_component_single_base_code,
"02AZ5014_HEALTHY HABIT_6029 N 7TH ST, PHOENIX, AZ 85014",02AZ5014,single_base_code,connected_component_single_base_code,
"02AZ5014_HEALTHY HABIT HEALTH FD_6029 N 7TH ST, PHOENIX, AZ 85014",02AZ5014,single_base_code,connected_component_single_base_code,
"02FL6552_HEALTHFULLY YOURS     @ CW_961 SE FEDERAL HWY, STUART, FL 34994",02FL6552,single_base_code,connected_component_single_base_code,
"02FL6552_HEALTHFULLY YOURS_961 SOUTH FEDERAL HWY, STUART, FL 34994",02FL6552,single_base_code,connected_component_single_base_code,
"02WA0747_EDMONDS VITAMIN AND HERB_420 5TH AVE S STE 101, EDMONDS, WA 98020",02WA0747,single_base_code,connected_component_single_base_code,
"02WA0747_EDMONDS VITAMINS & HERB_420 5TH AVENUE SOUTH, EDMONDS, WA 98020",02WA0747,single_base_code,connected_component_single_base_code,
"02IN1646_NATURE'S NOOK_1601 CHESTER BLVD, RICHMOND, IN 47374",02IN1646,single_base_code,connected_component_single_base_code,
"02IN1646_NATURES NOOK_1601 CHESTER BLVD, RICHMOND, IN 47374",02IN1646,single_base_code,connected_component_single_base_code,
